Entity,Code,Year,"Incidence of malaria (per 1,000 population at risk)"
Afghanistan,AFG,2000,84.48
Afghanistan,AFG,2001,83.83
Afghanistan,AFG,2002,83.79
Afghanistan,AFG,2003,70.81
Afghanistan,AFG,2004,39.41
Afghanistan,AFG,2005,28.42
Afghanistan,AFG,2006,21.31
Afghanistan,AFG,2007,22.63
Afghanistan,AFG,2008,19.71
Afghanistan,AFG,2009,12.97
Afghanistan,AFG,2010,13.37
Afghanistan,AFG,2011,15.99
Afghanistan,AFG,2012,9.35
Afghanistan,AFG,2013,11.45
Afghanistan,AFG,2014,12.61
Afghanistan,AFG,2015,14.1
Afghanistan,AFG,2016,27.37
Afghanistan,AFG,2017,28.99
Afghanistan,AFG,2018,22.33
Afghanistan,AFG,2019,14.15
Afghanistan,AFG,2020,8.39
Afghanistan,AFG,2021,6.26
Afghanistan,AFG,2022,9.19
Afghanistan,AFG,2023,13.26
Afghanistan,AFG,2024,17.76
Algeria,DZA,2000,0.02
Algeria,DZA,2001,0
Algeria,DZA,2002,0.01
Algeria,DZA,2003,0
Algeria,DZA,2004,0
Algeria,DZA,2005,0
Algeria,DZA,2006,0
Algeria,DZA,2007,0.01
Algeria,DZA,2008,0
Algeria,DZA,2009,0
Algeria,DZA,2010,0
Algeria,DZA,2011,0
Algeria,DZA,2012,0.02
Algeria,DZA,2013,0
Algeria,DZA,2014,0
Algeria,DZA,2015,0
Algeria,DZA,2016,0
Algeria,DZA,2017,0
Algeria,DZA,2018,0
Algeria,DZA,2019,0
Algeria,DZA,2020,0
Algeria,DZA,2021,0
Algeria,DZA,2022,0
Algeria,DZA,2023,0
Algeria,DZA,2024,0
Angola,AGO,2000,326.54
Angola,AGO,2001,330.8
Angola,AGO,2002,315.7
Angola,AGO,2003,319.29
Angola,AGO,2004,312.65
Angola,AGO,2005,313.87
Angola,AGO,2006,299.9
Angola,AGO,2007,269.53
Angola,AGO,2008,228.06
Angola,AGO,2009,193.51
Angola,AGO,2010,170.36
Angola,AGO,2011,157.06
Angola,AGO,2012,153.05
Angola,AGO,2013,158.1
Angola,AGO,2014,163.86
Angola,AGO,2015,174.47
Angola,AGO,2016,189.78
Angola,AGO,2017,215.31
Angola,AGO,2018,232.44
Angola,AGO,2019,243.1
Angola,AGO,2020,244.53
Angola,AGO,2021,258.61
Angola,AGO,2022,260.09
Angola,AGO,2023,255.47
Angola,AGO,2024,258.9
Argentina,ARG,2000,2.36
Argentina,ARG,2001,1.14
Argentina,ARG,2002,0.66
Argentina,ARG,2003,0.65
Argentina,ARG,2004,0.6
Argentina,ARG,2005,1.18
Argentina,ARG,2006,0.87
Argentina,ARG,2007,1.64
Argentina,ARG,2008,0.52
Argentina,ARG,2009,0.45
Argentina,ARG,2010,0.26
Argentina,ARG,2011,0
Argentina,ARG,2012,0
Argentina,ARG,2013,0
Argentina,ARG,2014,0
Argentina,ARG,2015,0
Argentina,ARG,2016,0
Argentina,ARG,2017,0
Argentina,ARG,2018,0
Argentina,ARG,2019,0
Argentina,ARG,2020,0
Argentina,ARG,2021,0
Argentina,ARG,2022,0
Argentina,ARG,2023,0
Argentina,ARG,2024,0
Armenia,ARM,2000,0.05
Armenia,ARM,2001,0.03
Armenia,ARM,2002,0.02
Armenia,ARM,2003,0.01
Armenia,ARM,2004,0.02
Armenia,ARM,2005,0
Armenia,ARM,2006,0
Armenia,ARM,2007,0
Armenia,ARM,2008,0
Armenia,ARM,2009,0
Armenia,ARM,2010,0
Armenia,ARM,2011,0
Armenia,ARM,2012,0
Armenia,ARM,2013,0
Armenia,ARM,2014,0
Armenia,ARM,2015,0
Armenia,ARM,2016,0
Armenia,ARM,2017,0
Armenia,ARM,2018,0
Armenia,ARM,2019,0
Armenia,ARM,2020,0
Armenia,ARM,2022,0
Armenia,ARM,2023,0
Armenia,ARM,2024,0
Azerbaijan,AZE,2000,8.12
Azerbaijan,AZE,2001,5.55
Azerbaijan,AZE,2002,2.64
Azerbaijan,AZE,2003,2.48
Azerbaijan,AZE,2004,1.98
Azerbaijan,AZE,2005,1.22
Azerbaijan,AZE,2006,0.7
Azerbaijan,AZE,2007,0.53
Azerbaijan,AZE,2008,0.35
Azerbaijan,AZE,2009,0.37
Azerbaijan,AZE,2010,0.24
Azerbaijan,AZE,2011,0.02
Azerbaijan,AZE,2012,0.01
Azerbaijan,AZE,2013,0
Azerbaijan,AZE,2014,0
Azerbaijan,AZE,2015,0
Azerbaijan,AZE,2016,0
Azerbaijan,AZE,2017,0
Azerbaijan,AZE,2018,0
Azerbaijan,AZE,2019,0
Azerbaijan,AZE,2020,0
Azerbaijan,AZE,2021,0
Azerbaijan,AZE,2022,0
Azerbaijan,AZE,2023,0
Bangladesh,BGD,2000,6.62
Bangladesh,BGD,2001,6.62
Bangladesh,BGD,2002,6.62
Bangladesh,BGD,2003,6.62
Bangladesh,BGD,2004,6.62
Bangladesh,BGD,2005,6.62
Bangladesh,BGD,2006,4.34
Bangladesh,BGD,2007,7.96
Bangladesh,BGD,2008,7.51
Bangladesh,BGD,2009,4.96
Bangladesh,BGD,2010,4.23
Bangladesh,BGD,2011,3.83
Bangladesh,BGD,2012,2.12
Bangladesh,BGD,2013,1.87
Bangladesh,BGD,2014,3.89
Bangladesh,BGD,2015,2.65
Bangladesh,BGD,2016,1.82
Bangladesh,BGD,2017,1.91
Bangladesh,BGD,2018,0.7
Bangladesh,BGD,2019,1.19
Bangladesh,BGD,2020,0.42
Bangladesh,BGD,2021,0.5
Bangladesh,BGD,2022,1.23
Bangladesh,BGD,2023,1.1
Bangladesh,BGD,2024,0.86
Belize,BLZ,2000,8.94
Belize,BLZ,2001,6.78
Belize,BLZ,2002,6.42
Belize,BLZ,2003,7.27
Belize,BLZ,2004,5.69
Belize,BLZ,2005,8.03
Belize,BLZ,2006,4.25
Belize,BLZ,2007,4.14
Belize,BLZ,2008,2.57
Belize,BLZ,2009,1.19
Belize,BLZ,2010,0.68
Belize,BLZ,2011,0.32
Belize,BLZ,2012,0.14
Belize,BLZ,2013,0.08
Belize,BLZ,2014,0.08
Belize,BLZ,2015,0.04
Belize,BLZ,2016,0.02
Belize,BLZ,2017,0.03
Belize,BLZ,2018,0.01
Belize,BLZ,2019,0
Belize,BLZ,2020,0
Belize,BLZ,2021,0
Belize,BLZ,2022,0
Belize,BLZ,2023,0
Belize,BLZ,2024,0
Benin,BEN,2000,416
Benin,BEN,2001,434.27
Benin,BEN,2002,453.46
Benin,BEN,2003,473.3
Benin,BEN,2004,495.55
Benin,BEN,2005,510.17
Benin,BEN,2006,508.93
Benin,BEN,2007,496.75
Benin,BEN,2008,473.51
Benin,BEN,2009,448.56
Benin,BEN,2010,417.07
Benin,BEN,2011,382.99
Benin,BEN,2012,365.18
Benin,BEN,2013,362.14
Benin,BEN,2014,369.11
Benin,BEN,2015,390.76
Benin,BEN,2016,415.92
Benin,BEN,2017,415.74
Benin,BEN,2018,407.71
Benin,BEN,2019,399.91
Benin,BEN,2020,377.01
Benin,BEN,2021,378.2
Benin,BEN,2022,376.6
Benin,BEN,2023,361.26
Benin,BEN,2024,354.25
Bhutan,BTN,2000,13.44
Bhutan,BTN,2001,13.23
Bhutan,BTN,2002,14.09
Bhutan,BTN,2003,8.07
Bhutan,BTN,2004,5.55
Bhutan,BTN,2005,3.73
Bhutan,BTN,2006,3.76
Bhutan,BTN,2007,1.58
Bhutan,BTN,2008,0.65
Bhutan,BTN,2009,2.06
Bhutan,BTN,2010,0.84
Bhutan,BTN,2011,0.37
Bhutan,BTN,2012,0.15
Bhutan,BTN,2013,0.03
Bhutan,BTN,2014,0.04
Bhutan,BTN,2015,0.06
Bhutan,BTN,2016,0.03
Bhutan,BTN,2017,0.02
Bhutan,BTN,2018,0.01
Bhutan,BTN,2019,0
Bhutan,BTN,2020,0.04
Bhutan,BTN,2021,0.02
Bhutan,BTN,2022,0
Bhutan,BTN,2023,0
Bhutan,BTN,2024,0
Bolivia,BOL,2000,11.69
Bolivia,BOL,2001,5.62
Bolivia,BOL,2002,4.9
Bolivia,BOL,2003,6.71
Bolivia,BOL,2004,4.84
Bolivia,BOL,2005,6.43
Bolivia,BOL,2006,5.96
Bolivia,BOL,2007,4.51
Bolivia,BOL,2008,2.96
Bolivia,BOL,2009,2.94
Bolivia,BOL,2010,4.04
Bolivia,BOL,2011,2.06
Bolivia,BOL,2012,2.11
Bolivia,BOL,2013,2.25
Bolivia,BOL,2014,2.23
Bolivia,BOL,2015,1.86
Bolivia,BOL,2016,1.48
Bolivia,BOL,2017,1.2
Bolivia,BOL,2018,1.39
Bolivia,BOL,2019,2.39
Bolivia,BOL,2020,3.08
Bolivia,BOL,2021,2.49
Bolivia,BOL,2022,2.55
Bolivia,BOL,2023,2.51
Bolivia,BOL,2024,3.83
Botswana,BWA,2000,17.23
Botswana,BWA,2001,6.79
Botswana,BWA,2002,3.17
Botswana,BWA,2003,1.58
Botswana,BWA,2004,1.02
Botswana,BWA,2005,1.2
Botswana,BWA,2006,3.86
Botswana,BWA,2007,1.02
Botswana,BWA,2008,1.9
Botswana,BWA,2009,2.06
Botswana,BWA,2010,1.65
Botswana,BWA,2011,0.5
Botswana,BWA,2012,0.22
Botswana,BWA,2013,0.51
Botswana,BWA,2014,1.44
Botswana,BWA,2015,0.31
Botswana,BWA,2016,0.67
Botswana,BWA,2017,1.96
Botswana,BWA,2018,0.53
Botswana,BWA,2019,0.17
Botswana,BWA,2020,1.13
Botswana,BWA,2021,0.67
Botswana,BWA,2022,0.34
Botswana,BWA,2023,0.47
Botswana,BWA,2024,0.2
Brazil,BRA,2000,21.54
Brazil,BRA,2001,13.05
Brazil,BRA,2002,11.24
Brazil,BRA,2003,12.7
Brazil,BRA,2004,13.93
Brazil,BRA,2005,17.56
Brazil,BRA,2006,15.42
Brazil,BRA,2007,13.96
Brazil,BRA,2008,8.69
Brazil,BRA,2009,8.43
Brazil,BRA,2010,9.92
Brazil,BRA,2011,7.16
Brazil,BRA,2012,6.46
Brazil,BRA,2013,4.91
Brazil,BRA,2014,3.61
Brazil,BRA,2015,4.02
Brazil,BRA,2016,3.2
Brazil,BRA,2017,5.32
Brazil,BRA,2018,5.23
Brazil,BRA,2019,4.24
Brazil,BRA,2020,3.95
Brazil,BRA,2021,3.47
Brazil,BRA,2022,3.21
Brazil,BRA,2023,3.81
Brazil,BRA,2024,3.75
Burkina Faso,BFA,2000,597.17
Burkina Faso,BFA,2001,597.54
Burkina Faso,BFA,2002,592.47
Burkina Faso,BFA,2003,582.14
Burkina Faso,BFA,2004,559.01
Burkina Faso,BFA,2005,528.52
Burkina Faso,BFA,2006,511.16
Burkina Faso,BFA,2007,519.27
Burkina Faso,BFA,2008,549.65
Burkina Faso,BFA,2009,568.59
Burkina Faso,BFA,2010,568.37
Burkina Faso,BFA,2011,554.68
Burkina Faso,BFA,2012,533.39
Burkina Faso,BFA,2013,487.14
Burkina Faso,BFA,2014,446.14
Burkina Faso,BFA,2015,417.95
Burkina Faso,BFA,2016,373.17
Burkina Faso,BFA,2017,356.56
Burkina Faso,BFA,2018,356.23
Burkina Faso,BFA,2019,356.49
Burkina Faso,BFA,2020,378.17
Burkina Faso,BFA,2021,378.58
Burkina Faso,BFA,2022,356.27
Burkina Faso,BFA,2023,353.49
Burkina Faso,BFA,2024,353.49
Burundi,BDI,2000,427.48
Burundi,BDI,2001,416.12
Burundi,BDI,2002,388.13
Burundi,BDI,2003,343.45
Burundi,BDI,2004,295.97
Burundi,BDI,2005,284.48
Burundi,BDI,2006,287.78
Burundi,BDI,2007,287.94
Burundi,BDI,2008,288.77
Burundi,BDI,2009,281.56
Burundi,BDI,2010,259.34
Burundi,BDI,2011,245.35
Burundi,BDI,2012,232.24
Burundi,BDI,2013,234.96
Burundi,BDI,2014,250.86
Burundi,BDI,2015,285
Burundi,BDI,2016,321.3
Burundi,BDI,2017,346.29
Burundi,BDI,2018,350.82
Burundi,BDI,2019,345.28
Burundi,BDI,2020,345.14
Burundi,BDI,2021,349.97
Burundi,BDI,2022,342.31
Burundi,BDI,2023,323.25
Burundi,BDI,2024,314.9
Cambodia,KHM,2000,75.47
Cambodia,KHM,2001,43.16
Cambodia,KHM,2002,38.16
Cambodia,KHM,2003,50.07
Cambodia,KHM,2004,42.78
Cambodia,KHM,2005,40.66
Cambodia,KHM,2006,45.14
Cambodia,KHM,2007,19.41
Cambodia,KHM,2008,21.49
Cambodia,KHM,2009,41.97
Cambodia,KHM,2010,34.25
Cambodia,KHM,2011,35.14
Cambodia,KHM,2012,24.46
Cambodia,KHM,2013,15.64
Cambodia,KHM,2014,21.95
Cambodia,KHM,2015,19.69
Cambodia,KHM,2016,11.01
Cambodia,KHM,2017,17.73
Cambodia,KHM,2018,6.05
Cambodia,KHM,2019,3.08
Cambodia,KHM,2020,0.94
Cambodia,KHM,2021,0.36
Cambodia,KHM,2022,0.33
Cambodia,KHM,2023,0.11
Cambodia,KHM,2024,0.03
Cameroon,CMR,2000,394.85
Cameroon,CMR,2001,426.29
Cameroon,CMR,2002,437.17
Cameroon,CMR,2003,441.4
Cameroon,CMR,2004,438.73
Cameroon,CMR,2005,435.58
Cameroon,CMR,2006,425.95
Cameroon,CMR,2007,409.95
Cameroon,CMR,2008,391.63
Cameroon,CMR,2009,351.15
Cameroon,CMR,2010,295.67
Cameroon,CMR,2011,266.6
Cameroon,CMR,2012,261.14
Cameroon,CMR,2013,271.1
Cameroon,CMR,2014,272.51
Cameroon,CMR,2015,271.06
Cameroon,CMR,2016,268.53
Cameroon,CMR,2017,258.98
Cameroon,CMR,2018,248.98
Cameroon,CMR,2019,243.44
Cameroon,CMR,2020,264.81
Cameroon,CMR,2021,270.65
Cameroon,CMR,2022,265.03
Cameroon,CMR,2023,259.08
Cameroon,CMR,2024,260.46
Cape Verde,CPV,2000,1.22
Cape Verde,CPV,2001,0.89
Cape Verde,CPV,2002,0.63
Cape Verde,CPV,2003,0.55
Cape Verde,CPV,2004,0.36
Cape Verde,CPV,2005,0.54
Cape Verde,CPV,2006,0.63
Cape Verde,CPV,2007,0.14
Cape Verde,CPV,2008,0.27
Cape Verde,CPV,2009,0.49
Cape Verde,CPV,2010,0.35
Cape Verde,CPV,2011,0.05
Cape Verde,CPV,2012,0.01
Cape Verde,CPV,2013,0.17
Cape Verde,CPV,2014,0.2
Cape Verde,CPV,2015,0.05
Cape Verde,CPV,2016,0.37
Cape Verde,CPV,2017,3.17
Cape Verde,CPV,2018,0.01
Cape Verde,CPV,2019,0
Cape Verde,CPV,2020,0
Cape Verde,CPV,2021,0
Cape Verde,CPV,2022,0
Cape Verde,CPV,2023,0
Cape Verde,CPV,2024,0.14
Central African Republic,CAF,2000,438.12
Central African Republic,CAF,2001,438.51
Central African Republic,CAF,2002,447.85
Central African Republic,CAF,2003,455.24
Central African Republic,CAF,2004,461.27
Central African Republic,CAF,2005,465.26
Central African Republic,CAF,2006,467.93
Central African Republic,CAF,2007,467.59
Central African Republic,CAF,2008,465.74
Central African Republic,CAF,2009,463.55
Central African Republic,CAF,2010,453.11
Central African Republic,CAF,2011,443.04
Central African Republic,CAF,2012,434.79
Central African Republic,CAF,2013,427.32
Central African Republic,CAF,2014,420.39
Central African Republic,CAF,2015,410.31
Central African Republic,CAF,2016,395.97
Central African Republic,CAF,2017,387.44
Central African Republic,CAF,2018,385.26
Central African Republic,CAF,2019,383.29
Central African Republic,CAF,2020,376.08
Central African Republic,CAF,2021,364.25
Central African Republic,CAF,2022,354.5
Central African Republic,CAF,2023,345.98
Central African Republic,CAF,2024,343.84
Chad,TCD,2000,272.13
Chad,TCD,2001,276.62
Chad,TCD,2002,243.18
Chad,TCD,2003,240.34
Chad,TCD,2004,237.39
Chad,TCD,2005,241.27
Chad,TCD,2006,242.2
Chad,TCD,2007,236.14
Chad,TCD,2008,237.86
Chad,TCD,2009,245.1
Chad,TCD,2010,244.66
Chad,TCD,2011,228.36
Chad,TCD,2012,215.47
Chad,TCD,2013,208.02
Chad,TCD,2014,212.01
Chad,TCD,2015,215.03
Chad,TCD,2016,214.3
Chad,TCD,2017,217.09
Chad,TCD,2018,224.99
Chad,TCD,2019,217.22
Chad,TCD,2020,208.74
Chad,TCD,2021,206.65
Chad,TCD,2022,209.09
Chad,TCD,2023,205.12
Chad,TCD,2024,206.14
China,CHN,2000,0.02
China,CHN,2001,0.04
China,CHN,2002,0.05
China,CHN,2003,0.05
China,CHN,2004,0.05
China,CHN,2005,0.04
China,CHN,2006,0.06
China,CHN,2007,0.05
China,CHN,2008,0.03
China,CHN,2009,0.02
China,CHN,2010,0.01
China,CHN,2011,0
China,CHN,2012,0
China,CHN,2013,0
China,CHN,2014,0
China,CHN,2015,0
China,CHN,2016,0
China,CHN,2017,0
China,CHN,2018,0
China,CHN,2019,0
China,CHN,2020,0
China,CHN,2022,0
China,CHN,2024,0
Colombia,COL,2000,24.35
Colombia,COL,2001,37.88
Colombia,COL,2002,32.64
Colombia,COL,2003,28.05
Colombia,COL,2004,21.47
Colombia,COL,2005,17.89
Colombia,COL,2006,17.5
Colombia,COL,2007,18.09
Colombia,COL,2008,11.35
Colombia,COL,2009,11.28
Colombia,COL,2010,16.6
Colombia,COL,2011,8.99
Colombia,COL,2012,8.32
Colombia,COL,2013,7.08
Colombia,COL,2014,5.53
Colombia,COL,2015,8.16
Colombia,COL,2016,11
Colombia,COL,2017,7.6
Colombia,COL,2018,8.64
Colombia,COL,2019,11.16
Colombia,COL,2020,10.15
Colombia,COL,2021,9.13
Colombia,COL,2022,8.88
Colombia,COL,2023,12.66
Colombia,COL,2024,15.19
Comoros,COM,2000,66.37
Comoros,COM,2001,65.07
Comoros,COM,2002,63.81
Comoros,COM,2003,62.56
Comoros,COM,2004,61.31
Comoros,COM,2005,60.09
Comoros,COM,2006,58.91
Comoros,COM,2007,57.75
Comoros,COM,2008,56.61
Comoros,COM,2009,55.49
Comoros,COM,2010,55.8
Comoros,COM,2011,37.21
Comoros,COM,2012,73.12
Comoros,COM,2013,76.35
Comoros,COM,2014,3.1
Comoros,COM,2015,2.59
Comoros,COM,2016,1.98
Comoros,COM,2017,5.15
Comoros,COM,2018,19.68
Comoros,COM,2019,22.37
Comoros,COM,2020,5.67
Comoros,COM,2021,12.88
Comoros,COM,2022,24.78
Comoros,COM,2023,24.75
Comoros,COM,2024,62.79
Congo,COG,2000,349.6
Congo,COG,2001,349.06
Congo,COG,2002,327.04
Congo,COG,2003,327.91
Congo,COG,2004,325.79
Congo,COG,2005,309.02
Congo,COG,2006,286.84
Congo,COG,2007,254.97
Congo,COG,2008,226.41
Congo,COG,2009,214.45
Congo,COG,2010,214.44
Congo,COG,2011,215.68
Congo,COG,2012,215.9
Congo,COG,2013,218.19
Congo,COG,2014,213.06
Congo,COG,2015,210.62
Congo,COG,2016,215.75
Congo,COG,2017,235.9
Congo,COG,2018,249.77
Congo,COG,2019,245.94
Congo,COG,2020,240.84
Congo,COG,2021,232.02
Congo,COG,2022,220.52
Congo,COG,2023,219.46
Congo,COG,2024,221.02
Costa Rica,CRI,2000,1.36
Costa Rica,CRI,2001,0.97
Costa Rica,CRI,2002,0.72
Costa Rica,CRI,2003,0.5
Costa Rica,CRI,2004,0.88
Costa Rica,CRI,2005,2.37
Costa Rica,CRI,2006,1.92
Costa Rica,CRI,2007,0.8
Costa Rica,CRI,2008,0.62
Costa Rica,CRI,2009,0.17
Costa Rica,CRI,2010,0.07
Costa Rica,CRI,2011,0.01
Costa Rica,CRI,2012,0
Costa Rica,CRI,2013,0
Costa Rica,CRI,2014,0
Costa Rica,CRI,2015,0
Costa Rica,CRI,2016,0
Costa Rica,CRI,2017,0.01
Costa Rica,CRI,2018,0.04
Costa Rica,CRI,2019,0.05
Costa Rica,CRI,2020,0.05
Costa Rica,CRI,2021,0.11
Costa Rica,CRI,2022,0.23
Costa Rica,CRI,2023,0.3
Costa Rica,CRI,2024,0.13
Cote d'Ivoire,CIV,2000,490.52
Cote d'Ivoire,CIV,2001,502.24
Cote d'Ivoire,CIV,2002,506.32
Cote d'Ivoire,CIV,2003,509.61
Cote d'Ivoire,CIV,2004,500.36
Cote d'Ivoire,CIV,2005,466.34
Cote d'Ivoire,CIV,2006,425.61
Cote d'Ivoire,CIV,2007,391.51
Cote d'Ivoire,CIV,2008,392.97
Cote d'Ivoire,CIV,2009,426.16
Cote d'Ivoire,CIV,2010,458.12
Cote d'Ivoire,CIV,2011,461.58
Cote d'Ivoire,CIV,2012,375.19
Cote d'Ivoire,CIV,2013,287.39
Cote d'Ivoire,CIV,2014,243.25
Cote d'Ivoire,CIV,2015,242.12
Cote d'Ivoire,CIV,2016,258.1
Cote d'Ivoire,CIV,2017,268.54
Cote d'Ivoire,CIV,2018,280.22
Cote d'Ivoire,CIV,2019,292.76
Cote d'Ivoire,CIV,2020,295.66
Cote d'Ivoire,CIV,2021,283.64
Cote d'Ivoire,CIV,2022,280.87
Cote d'Ivoire,CIV,2023,269.25
Cote d'Ivoire,CIV,2024,267.95
Democratic Republic of Congo,COD,2000,458.24
Democratic Republic of Congo,COD,2001,457.6
Democratic Republic of Congo,COD,2002,460.7
Democratic Republic of Congo,COD,2003,467.36
Democratic Republic of Congo,COD,2004,467.62
Democratic Republic of Congo,COD,2005,468.33
Democratic Republic of Congo,COD,2006,464.8
Democratic Republic of Congo,COD,2007,448.32
Democratic Republic of Congo,COD,2008,429.83
Democratic Republic of Congo,COD,2009,405.23
Democratic Republic of Congo,COD,2010,381.32
Democratic Republic of Congo,COD,2011,360.23
Democratic Republic of Congo,COD,2012,335.8
Democratic Republic of Congo,COD,2013,310.49
Democratic Republic of Congo,COD,2014,297.36
Democratic Republic of Congo,COD,2015,303.04
Democratic Republic of Congo,COD,2016,310.28
Democratic Republic of Congo,COD,2017,324.07
Democratic Republic of Congo,COD,2018,337.42
Democratic Republic of Congo,COD,2019,339.77
Democratic Republic of Congo,COD,2020,338.92
Democratic Republic of Congo,COD,2021,338.04
Democratic Republic of Congo,COD,2022,327.94
Democratic Republic of Congo,COD,2023,325.29
Democratic Republic of Congo,COD,2024,321.89
Djibouti,DJI,2000,3.07
Djibouti,DJI,2001,3.07
Djibouti,DJI,2002,3.07
Djibouti,DJI,2003,3.07
Djibouti,DJI,2004,3.07
Djibouti,DJI,2005,3.07
Djibouti,DJI,2006,3.07
Djibouti,DJI,2007,3.07
Djibouti,DJI,2008,3.07
Djibouti,DJI,2009,3.93
Djibouti,DJI,2010,1.45
Djibouti,DJI,2011,3.07
Djibouti,DJI,2012,3.07
Djibouti,DJI,2013,2.28
Djibouti,DJI,2014,12.55
Djibouti,DJI,2015,12.38
Djibouti,DJI,2016,17.76
Djibouti,DJI,2017,18.72
Djibouti,DJI,2018,30.91
Djibouti,DJI,2019,60.51
Djibouti,DJI,2020,88.72
Djibouti,DJI,2021,70.07
Djibouti,DJI,2022,47.67
Djibouti,DJI,2023,45.04
Djibouti,DJI,2024,45.09
Dominican Republic,DOM,2000,0.32
Dominican Republic,DOM,2001,0.27
Dominican Republic,DOM,2002,0.35
Dominican Republic,DOM,2003,0.4
Dominican Republic,DOM,2004,0.61
Dominican Republic,DOM,2005,0.97
Dominican Republic,DOM,2006,0.88
Dominican Republic,DOM,2007,0.67
Dominican Republic,DOM,2008,0.45
Dominican Republic,DOM,2009,0.4
Dominican Republic,DOM,2010,0.59
Dominican Republic,DOM,2011,0.38
Dominican Republic,DOM,2012,0.22
Dominican Republic,DOM,2013,0.11
Dominican Republic,DOM,2014,0.1
Dominican Republic,DOM,2015,0.13
Dominican Republic,DOM,2016,0.14
Dominican Republic,DOM,2017,0.07
Dominican Republic,DOM,2018,0.09
Dominican Republic,DOM,2019,0.25
Dominican Republic,DOM,2020,0.16
Dominican Republic,DOM,2021,0.05
Dominican Republic,DOM,2022,0.05
Dominican Republic,DOM,2023,0.04
Dominican Republic,DOM,2024,0.19
East Asia and Pacific (WB),WB_EAP,2000,5.98373
East Asia and Pacific (WB),WB_EAP,2001,5.62584
East Asia and Pacific (WB),WB_EAP,2002,5.250668
East Asia and Pacific (WB),WB_EAP,2003,5.2719803
East Asia and Pacific (WB),WB_EAP,2004,5.6496587
East Asia and Pacific (WB),WB_EAP,2005,5.2146077
East Asia and Pacific (WB),WB_EAP,2006,5.1307206
East Asia and Pacific (WB),WB_EAP,2007,4.551071
East Asia and Pacific (WB),WB_EAP,2008,4.667542
East Asia and Pacific (WB),WB_EAP,2009,5.070053
East Asia and Pacific (WB),WB_EAP,2010,5.189357
East Asia and Pacific (WB),WB_EAP,2011,4.4754786
East Asia and Pacific (WB),WB_EAP,2012,5.0969687
East Asia and Pacific (WB),WB_EAP,2013,3.7506888
East Asia and Pacific (WB),WB_EAP,2014,3.39403
East Asia and Pacific (WB),WB_EAP,2015,2.4057124
East Asia and Pacific (WB),WB_EAP,2016,2.5306678
East Asia and Pacific (WB),WB_EAP,2017,2.2502322
East Asia and Pacific (WB),WB_EAP,2018,2.0667245
East Asia and Pacific (WB),WB_EAP,2019,1.9637146
East Asia and Pacific (WB),WB_EAP,2020,2.012309
East Asia and Pacific (WB),WB_EAP,2022,2.6737695
East Asia and Pacific (WB),WB_EAP,2024,2.8121488
East Timor,TLS,2000,158.38
East Timor,TLS,2001,158.38
East Timor,TLS,2002,126.21
East Timor,TLS,2003,78.3
East Timor,TLS,2004,267.85
East Timor,TLS,2005,172.38
East Timor,TLS,2006,178.86
East Timor,TLS,2007,121.35
East Timor,TLS,2008,138.17
East Timor,TLS,2009,100.55
East Timor,TLS,2010,93.53
East Timor,TLS,2011,29.52
East Timor,TLS,2012,6.8
East Timor,TLS,2013,1.3
East Timor,TLS,2014,0.43
East Timor,TLS,2015,0.1
East Timor,TLS,2016,0.1
East Timor,TLS,2017,0.01
East Timor,TLS,2018,0
East Timor,TLS,2019,0
East Timor,TLS,2020,0
East Timor,TLS,2021,0
East Timor,TLS,2022,0
East Timor,TLS,2023,0
East Timor,TLS,2024,0
Ecuador,ECU,2000,14.54
Ecuador,ECU,2001,14.88
Ecuador,ECU,2002,11.65
Ecuador,ECU,2003,6.87
Ecuador,ECU,2004,3.73
Ecuador,ECU,2005,2.17
Ecuador,ECU,2006,1.24
Ecuador,ECU,2007,1.01
Ecuador,ECU,2008,0.59
Ecuador,ECU,2009,0.49
Ecuador,ECU,2010,0.22
Ecuador,ECU,2011,0.14
Ecuador,ECU,2012,0.06
Ecuador,ECU,2013,0.04
Ecuador,ECU,2014,0.03
Ecuador,ECU,2015,0.07
Ecuador,ECU,2016,0.13
Ecuador,ECU,2017,0.13
Ecuador,ECU,2018,0.17
Ecuador,ECU,2019,0.18
Ecuador,ECU,2020,0.19
Ecuador,ECU,2021,0.22
Ecuador,ECU,2022,0.13
Ecuador,ECU,2023,0.06
Ecuador,ECU,2024,0.04
Egypt,EGY,2000,0
Egypt,EGY,2001,0
Egypt,EGY,2002,0
Egypt,EGY,2003,0
Egypt,EGY,2004,0
Egypt,EGY,2005,0
Egypt,EGY,2006,0
Egypt,EGY,2007,0
Egypt,EGY,2008,0
Egypt,EGY,2009,0
Egypt,EGY,2010,0
Egypt,EGY,2011,0
Egypt,EGY,2012,0
Egypt,EGY,2013,0
Egypt,EGY,2014,0
Egypt,EGY,2015,0
Egypt,EGY,2016,0
Egypt,EGY,2017,0
Egypt,EGY,2018,0
Egypt,EGY,2019,0
Egypt,EGY,2020,0
Egypt,EGY,2021,0
Egypt,EGY,2022,0
Egypt,EGY,2023,0
Egypt,EGY,2024,0
El Salvador,SLV,2000,0.62
El Salvador,SLV,2001,0.3
El Salvador,SLV,2002,0.1
El Salvador,SLV,2003,0.07
El Salvador,SLV,2004,0.09
El Salvador,SLV,2005,0.05
El Salvador,SLV,2006,0.04
El Salvador,SLV,2007,0.03
El Salvador,SLV,2008,0.03
El Salvador,SLV,2009,0.02
El Salvador,SLV,2010,0.01
El Salvador,SLV,2011,0.01
El Salvador,SLV,2012,0.01
El Salvador,SLV,2013,0
El Salvador,SLV,2014,0
El Salvador,SLV,2015,0
El Salvador,SLV,2016,0.01
El Salvador,SLV,2017,0
El Salvador,SLV,2018,0
El Salvador,SLV,2019,0
El Salvador,SLV,2020,0
El Salvador,SLV,2021,0
El Salvador,SLV,2022,0
El Salvador,SLV,2023,0
El Salvador,SLV,2024,0
Equatorial Guinea,GNQ,2000,334.3
Equatorial Guinea,GNQ,2001,331.5
Equatorial Guinea,GNQ,2002,325.04
Equatorial Guinea,GNQ,2003,332.79
Equatorial Guinea,GNQ,2004,346.23
Equatorial Guinea,GNQ,2005,357.64
Equatorial Guinea,GNQ,2006,356.69
Equatorial Guinea,GNQ,2007,353.65
Equatorial Guinea,GNQ,2008,332.63
Equatorial Guinea,GNQ,2009,303.16
Equatorial Guinea,GNQ,2010,288.37
Equatorial Guinea,GNQ,2011,290.83
Equatorial Guinea,GNQ,2012,312.77
Equatorial Guinea,GNQ,2013,333.66
Equatorial Guinea,GNQ,2014,334
Equatorial Guinea,GNQ,2015,333.82
Equatorial Guinea,GNQ,2016,315.21
Equatorial Guinea,GNQ,2017,291.23
Equatorial Guinea,GNQ,2018,268.08
Equatorial Guinea,GNQ,2019,247.4
Equatorial Guinea,GNQ,2020,244.3
Equatorial Guinea,GNQ,2021,239.58
Equatorial Guinea,GNQ,2022,237.56
Equatorial Guinea,GNQ,2023,229.81
Equatorial Guinea,GNQ,2024,227.73
Eritrea,ERI,2000,19
Eritrea,ERI,2001,23.56
Eritrea,ERI,2002,13.72
Eritrea,ERI,2003,19.84
Eritrea,ERI,2004,5.81
Eritrea,ERI,2005,10.4
Eritrea,ERI,2006,6.08
Eritrea,ERI,2007,13.69
Eritrea,ERI,2008,7.37
Eritrea,ERI,2009,9.58
Eritrea,ERI,2010,28.34
Eritrea,ERI,2011,25.57
Eritrea,ERI,2012,17.28
Eritrea,ERI,2013,16.04
Eritrea,ERI,2014,35.44
Eritrea,ERI,2015,20.61
Eritrea,ERI,2016,27.7
Eritrea,ERI,2017,36.8
Eritrea,ERI,2018,31.23
Eritrea,ERI,2019,61.84
Eritrea,ERI,2020,48.28
Eritrea,ERI,2021,27.74
Eritrea,ERI,2022,40.89
Eritrea,ERI,2023,63.39
Eritrea,ERI,2024,102.42
Eswatini,SWZ,2000,2.7
Eswatini,SWZ,2001,4.74
Eswatini,SWZ,2002,2.26
Eswatini,SWZ,2003,1.15
Eswatini,SWZ,2004,1.91
Eswatini,SWZ,2005,0.92
Eswatini,SWZ,2006,0.51
Eswatini,SWZ,2007,0.28
Eswatini,SWZ,2008,0.19
Eswatini,SWZ,2009,0.34
Eswatini,SWZ,2010,0.86
Eswatini,SWZ,2011,1.21
Eswatini,SWZ,2012,1.3
Eswatini,SWZ,2013,2.3
Eswatini,SWZ,2014,1.22
Eswatini,SWZ,2015,0.99
Eswatini,SWZ,2016,0.78
Eswatini,SWZ,2017,1.36
Eswatini,SWZ,2018,2.1
Eswatini,SWZ,2019,0.76
Eswatini,SWZ,2020,0.7
Eswatini,SWZ,2021,1.49
Eswatini,SWZ,2022,0.63
Eswatini,SWZ,2023,1.73
Eswatini,SWZ,2024,0.55
Ethiopia,ETH,2000,189.18
Ethiopia,ETH,2001,210.9
Ethiopia,ETH,2002,193.55
Ethiopia,ETH,2003,208.94
Ethiopia,ETH,2004,217.88
Ethiopia,ETH,2005,149.48
Ethiopia,ETH,2006,138.01
Ethiopia,ETH,2007,116.37
Ethiopia,ETH,2008,96.3
Ethiopia,ETH,2009,133.79
Ethiopia,ETH,2010,153.84
Ethiopia,ETH,2011,143.7
Ethiopia,ETH,2012,159.67
Ethiopia,ETH,2013,184.1
Ethiopia,ETH,2014,144.07
Ethiopia,ETH,2015,130.06
Ethiopia,ETH,2016,92.89
Ethiopia,ETH,2017,70.71
Ethiopia,ETH,2018,36.46
Ethiopia,ETH,2019,33.61
Ethiopia,ETH,2020,52.28
Ethiopia,ETH,2021,45.56
Ethiopia,ETH,2022,59.89
Ethiopia,ETH,2023,109.24
Ethiopia,ETH,2024,138.5
Gabon,GAB,2000,364.66
Gabon,GAB,2001,353.69
Gabon,GAB,2002,323.31
Gabon,GAB,2003,259.04
Gabon,GAB,2004,196.66
Gabon,GAB,2005,158.04
Gabon,GAB,2006,131.79
Gabon,GAB,2007,121.2
Gabon,GAB,2008,124.41
Gabon,GAB,2009,147.03
Gabon,GAB,2010,177.88
Gabon,GAB,2011,195.4
Gabon,GAB,2012,200.15
Gabon,GAB,2013,199.19
Gabon,GAB,2014,193.87
Gabon,GAB,2015,185.36
Gabon,GAB,2016,182.55
Gabon,GAB,2017,184.66
Gabon,GAB,2018,186.73
Gabon,GAB,2019,190.72
Gabon,GAB,2020,193.57
Gabon,GAB,2021,189.19
Gabon,GAB,2022,188.68
Gabon,GAB,2023,191.3
Gabon,GAB,2024,187
Gambia,GMB,2000,309.72
Gambia,GMB,2001,301.46
Gambia,GMB,2002,293.32
Gambia,GMB,2003,285.25
Gambia,GMB,2004,277.25
Gambia,GMB,2005,269.36
Gambia,GMB,2006,261.65
Gambia,GMB,2007,254.15
Gambia,GMB,2008,246.86
Gambia,GMB,2009,239.74
Gambia,GMB,2010,232.81
Gambia,GMB,2011,238.87
Gambia,GMB,2012,256.47
Gambia,GMB,2013,204.12
Gambia,GMB,2014,140.32
Gambia,GMB,2015,202.51
Gambia,GMB,2016,130.07
Gambia,GMB,2017,63.21
Gambia,GMB,2018,81.75
Gambia,GMB,2019,44.76
Gambia,GMB,2020,83.83
Gambia,GMB,2021,62.48
Gambia,GMB,2022,95.52
Gambia,GMB,2023,87.51
Gambia,GMB,2024,75.44
Georgia,GEO,2000,5.66
Georgia,GEO,2001,10.4
Georgia,GEO,2002,11.48
Georgia,GEO,2003,7.73
Georgia,GEO,2004,6.34
Georgia,GEO,2005,3.85
Georgia,GEO,2006,1.48
Georgia,GEO,2007,0.6
Georgia,GEO,2008,0.15
Georgia,GEO,2009,0.03
Georgia,GEO,2010,0
Georgia,GEO,2011,0
Georgia,GEO,2012,0
Georgia,GEO,2013,0
Georgia,GEO,2014,0
Georgia,GEO,2015,0
Georgia,GEO,2016,0
Georgia,GEO,2017,0
Georgia,GEO,2018,0
Georgia,GEO,2019,0
Georgia,GEO,2020,0
Georgia,GEO,2023,0
Georgia,GEO,2024,0
Ghana,GHA,2000,430.36
Ghana,GHA,2001,411.18
Ghana,GHA,2002,392.1
Ghana,GHA,2003,365.98
Ghana,GHA,2004,340.21
Ghana,GHA,2005,323.73
Ghana,GHA,2006,311.34
Ghana,GHA,2007,305.83
Ghana,GHA,2008,314.58
Ghana,GHA,2009,340.42
Ghana,GHA,2010,366.4
Ghana,GHA,2011,375.14
Ghana,GHA,2012,367.32
Ghana,GHA,2013,344.33
Ghana,GHA,2014,313.81
Ghana,GHA,2015,275.99
Ghana,GHA,2016,244.92
Ghana,GHA,2017,226.19
Ghana,GHA,2018,212.76
Ghana,GHA,2019,215.27
Ghana,GHA,2020,219.63
Ghana,GHA,2021,212.47
Ghana,GHA,2022,210.79
Ghana,GHA,2023,194.92
Ghana,GHA,2024,195.77
Guatemala,GTM,2000,7.21
Guatemala,GTM,2001,4.72
Guatemala,GTM,2002,4.57
Guatemala,GTM,2003,3.89
Guatemala,GTM,2004,3.53
Guatemala,GTM,2005,4.73
Guatemala,GTM,2006,3.63
Guatemala,GTM,2007,1.75
Guatemala,GTM,2008,0.8
Guatemala,GTM,2009,0.77
Guatemala,GTM,2010,0.86
Guatemala,GTM,2011,0.71
Guatemala,GTM,2012,0.55
Guatemala,GTM,2013,0.63
Guatemala,GTM,2014,0.49
Guatemala,GTM,2015,0.54
Guatemala,GTM,2016,0.48
Guatemala,GTM,2017,0.39
Guatemala,GTM,2018,0.28
Guatemala,GTM,2019,0.19
Guatemala,GTM,2020,0.09
Guatemala,GTM,2021,0.1
Guatemala,GTM,2022,0.14
Guatemala,GTM,2023,0.22
Guatemala,GTM,2024,0.21
Guinea,GIN,2000,415.77
Guinea,GIN,2001,414.39
Guinea,GIN,2002,418.97
Guinea,GIN,2003,425.18
Guinea,GIN,2004,425.36
Guinea,GIN,2005,420.24
Guinea,GIN,2006,404.99
Guinea,GIN,2007,384.49
Guinea,GIN,2008,378.78
Guinea,GIN,2009,393.8
Guinea,GIN,2010,415.74
Guinea,GIN,2011,428.78
Guinea,GIN,2012,431.75
Guinea,GIN,2013,413.73
Guinea,GIN,2014,396.69
Guinea,GIN,2015,384.39
Guinea,GIN,2016,366.52
Guinea,GIN,2017,358.48
Guinea,GIN,2018,350.28
Guinea,GIN,2019,321.2
Guinea,GIN,2020,304.94
Guinea,GIN,2021,294.45
Guinea,GIN,2022,285.7
Guinea,GIN,2023,285.5
Guinea,GIN,2024,286.08
Guinea-Bissau,GNB,2000,396.46
Guinea-Bissau,GNB,2001,320.17
Guinea-Bissau,GNB,2002,251.22
Guinea-Bissau,GNB,2003,182.29
Guinea-Bissau,GNB,2004,121.23
Guinea-Bissau,GNB,2005,93.26
Guinea-Bissau,GNB,2006,78.21
Guinea-Bissau,GNB,2007,76.5
Guinea-Bissau,GNB,2008,87.5
Guinea-Bissau,GNB,2009,106.34
Guinea-Bissau,GNB,2010,124.54
Guinea-Bissau,GNB,2011,129.31
Guinea-Bissau,GNB,2012,126.55
Guinea-Bissau,GNB,2013,120.88
Guinea-Bissau,GNB,2014,105.73
Guinea-Bissau,GNB,2015,89.59
Guinea-Bissau,GNB,2016,74.16
Guinea-Bissau,GNB,2017,70.21
Guinea-Bissau,GNB,2018,71.68
Guinea-Bissau,GNB,2019,87.1
Guinea-Bissau,GNB,2020,95.17
Guinea-Bissau,GNB,2021,98.71
Guinea-Bissau,GNB,2022,97.61
Guinea-Bissau,GNB,2023,97.81
Guinea-Bissau,GNB,2024,110.13
Guyana,GUY,2000,43.97
Guyana,GUY,2001,49.67
Guyana,GUY,2002,40.14
Guyana,GUY,2003,50.69
Guyana,GUY,2004,53.01
Guyana,GUY,2005,71.73
Guyana,GUY,2006,36.4
Guyana,GUY,2007,20.74
Guyana,GUY,2008,21.69
Guyana,GUY,2009,23.77
Guyana,GUY,2010,39.55
Guyana,GUY,2011,52.08
Guyana,GUY,2012,58.38
Guyana,GUY,2013,76.61
Guyana,GUY,2014,29.58
Guyana,GUY,2015,23.76
Guyana,GUY,2016,25.3
Guyana,GUY,2017,32.75
Guyana,GUY,2018,38.87
Guyana,GUY,2019,32.25
Guyana,GUY,2020,27.36
Guyana,GUY,2021,31.53
Guyana,GUY,2022,32.23
Guyana,GUY,2023,42.66
Guyana,GUY,2024,38.74
Haiti,HTI,2000,9.71
Haiti,HTI,2001,9.71
Haiti,HTI,2002,9.71
Haiti,HTI,2003,9.71
Haiti,HTI,2004,9.71
Haiti,HTI,2005,9.71
Haiti,HTI,2006,9.86
Haiti,HTI,2007,8.75
Haiti,HTI,2008,10.52
Haiti,HTI,2009,9.71
Haiti,HTI,2010,9.71
Haiti,HTI,2011,9.2
Haiti,HTI,2012,7.29
Haiti,HTI,2013,6.85
Haiti,HTI,2014,3.57
Haiti,HTI,2015,3.42
Haiti,HTI,2016,3.81
Haiti,HTI,2017,3.43
Haiti,HTI,2018,1.63
Haiti,HTI,2019,1.78
Haiti,HTI,2020,3.79
Haiti,HTI,2021,2.22
Haiti,HTI,2022,2.55
Haiti,HTI,2023,2.29
Haiti,HTI,2024,8.7
Honduras,HND,2000,8.64
Honduras,HND,2001,5.78
Honduras,HND,2002,4.02
Honduras,HND,2003,3.21
Honduras,HND,2004,3.83
Honduras,HND,2005,3.46
Honduras,HND,2006,2.48
Honduras,HND,2007,2.11
Honduras,HND,2008,1.62
Honduras,HND,2009,1.74
Honduras,HND,2010,1.76
Honduras,HND,2011,1.33
Honduras,HND,2012,1.1
Honduras,HND,2013,0.9
Honduras,HND,2014,0.56
Honduras,HND,2015,0.58
Honduras,HND,2016,0.66
Honduras,HND,2017,0.2
Honduras,HND,2018,0.11
Honduras,HND,2019,0.05
Honduras,HND,2020,0.12
Honduras,HND,2021,0.16
Honduras,HND,2022,0.37
Honduras,HND,2023,0.27
Honduras,HND,2024,0.23
India,IND,2000,21.8
India,IND,2001,21.63
India,IND,2002,19.51
India,IND,2003,20.28
India,IND,2004,21.75
India,IND,2005,22.41
India,IND,2006,16.5
India,IND,2007,14.9
India,IND,2008,14.54
India,IND,2009,13.84
India,IND,2010,13.09
India,IND,2011,10.54
India,IND,2012,8.1
India,IND,2013,6.26
India,IND,2014,6.33
India,IND,2015,6.44
India,IND,2016,6.29
India,IND,2017,4.61
India,IND,2018,3.43
India,IND,2019,2.84
India,IND,2020,2.53
India,IND,2021,2.5
India,IND,2022,1.4
India,IND,2023,1.34
India,IND,2024,1.48
Indonesia,IDN,2000,5.28
Indonesia,IDN,2001,5.28
Indonesia,IDN,2002,5.28
Indonesia,IDN,2003,5.28
Indonesia,IDN,2004,4.77
Indonesia,IDN,2005,5.14
Indonesia,IDN,2006,5.92
Indonesia,IDN,2007,5.28
Indonesia,IDN,2008,5.28
Indonesia,IDN,2009,5.28
Indonesia,IDN,2010,8.09
Indonesia,IDN,2011,7.26
Indonesia,IDN,2012,7.11
Indonesia,IDN,2013,5.98
Indonesia,IDN,2014,4.49
Indonesia,IDN,2015,3.97
Indonesia,IDN,2016,4.11
Indonesia,IDN,2017,2.78
Indonesia,IDN,2018,2.45
Indonesia,IDN,2019,1.96
Indonesia,IDN,2020,1.93
Indonesia,IDN,2021,1.56
Indonesia,IDN,2022,1.99
Indonesia,IDN,2023,1.81
Indonesia,IDN,2024,2.23
Iran,IRN,2000,29.07
Iran,IRN,2001,28.03
Iran,IRN,2002,22.41
Iran,IRN,2003,33.56
Iran,IRN,2004,19.27
Iran,IRN,2005,25.86
Iran,IRN,2006,21.23
Iran,IRN,2007,20.63
Iran,IRN,2008,10.83
Iran,IRN,2009,5.57
Iran,IRN,2010,2.34
Iran,IRN,2011,2.04
Iran,IRN,2012,0.93
Iran,IRN,2013,0.58
Iran,IRN,2014,0.43
Iran,IRN,2015,0.2
Iran,IRN,2016,0.09
Iran,IRN,2017,0.07
Iran,IRN,2018,0
Iran,IRN,2019,0
Iran,IRN,2020,0
Iran,IRN,2021,0
Iran,IRN,2022,1.57
Iran,IRN,2023,2.73
Iran,IRN,2024,2.18
Iraq,IRQ,2000,0.59
Iraq,IRQ,2001,0.39
Iraq,IRQ,2002,0.28
Iraq,IRQ,2003,0.1
Iraq,IRQ,2004,0.04
Iraq,IRQ,2005,0.01
Iraq,IRQ,2006,0.01
Iraq,IRQ,2007,0
Iraq,IRQ,2008,0
Iraq,IRQ,2009,0
Iraq,IRQ,2010,0
Iraq,IRQ,2011,0
Iraq,IRQ,2012,0
Iraq,IRQ,2013,0
Iraq,IRQ,2014,0
Iraq,IRQ,2015,0
Iraq,IRQ,2016,0
Iraq,IRQ,2017,0
Iraq,IRQ,2018,0
Iraq,IRQ,2019,0
Iraq,IRQ,2020,0
Iraq,IRQ,2021,0
Iraq,IRQ,2022,0
Iraq,IRQ,2023,0
Iraq,IRQ,2024,0
Kazakhstan,KAZ,2010,0
Kazakhstan,KAZ,2011,0
Kazakhstan,KAZ,2012,0
Kazakhstan,KAZ,2013,0
Kazakhstan,KAZ,2014,0
Kazakhstan,KAZ,2015,0
Kazakhstan,KAZ,2016,0
Kazakhstan,KAZ,2017,0
Kazakhstan,KAZ,2018,0
Kazakhstan,KAZ,2019,0
Kazakhstan,KAZ,2024,0
Kenya,KEN,2000,220.26
Kenya,KEN,2001,243.23
Kenya,KEN,2002,227.55
Kenya,KEN,2003,220.14
Kenya,KEN,2004,184.42
Kenya,KEN,2005,138.92
Kenya,KEN,2006,125.53
Kenya,KEN,2007,94.84
Kenya,KEN,2008,79.78
Kenya,KEN,2009,77.6
Kenya,KEN,2010,80.27
Kenya,KEN,2011,82.58
Kenya,KEN,2012,84.23
Kenya,KEN,2013,85.44
Kenya,KEN,2014,84.43
Kenya,KEN,2015,81.8
Kenya,KEN,2016,77.26
Kenya,KEN,2017,76.85
Kenya,KEN,2018,74.15
Kenya,KEN,2019,71.67
Kenya,KEN,2020,85
Kenya,KEN,2021,88.69
Kenya,KEN,2022,82.09
Kenya,KEN,2023,73.77
Kenya,KEN,2024,74.17
Kyrgyzstan,KGZ,2000,0
Kyrgyzstan,KGZ,2001,0
Kyrgyzstan,KGZ,2002,0.68
Kyrgyzstan,KGZ,2003,0.11
Kyrgyzstan,KGZ,2004,0.02
Kyrgyzstan,KGZ,2005,0.05
Kyrgyzstan,KGZ,2006,0.08
Kyrgyzstan,KGZ,2007,0.02
Kyrgyzstan,KGZ,2008,0
Kyrgyzstan,KGZ,2009,0
Kyrgyzstan,KGZ,2010,0
Kyrgyzstan,KGZ,2011,0
Kyrgyzstan,KGZ,2012,0
Kyrgyzstan,KGZ,2013,0
Kyrgyzstan,KGZ,2014,0
Kyrgyzstan,KGZ,2015,0
Kyrgyzstan,KGZ,2016,0
Kyrgyzstan,KGZ,2017,0
Kyrgyzstan,KGZ,2018,0
Kyrgyzstan,KGZ,2019,0
Kyrgyzstan,KGZ,2020,0
Kyrgyzstan,KGZ,2024,0
Laos,LAO,2000,31.76
Laos,LAO,2001,21.61
Laos,LAO,2002,17.26
Laos,LAO,2003,15.42
Laos,LAO,2004,13.41
Laos,LAO,2005,11.46
Laos,LAO,2006,15.78
Laos,LAO,2007,14.5
Laos,LAO,2008,12.95
Laos,LAO,2009,14.62
Laos,LAO,2010,13.28
Laos,LAO,2011,9.08
Laos,LAO,2012,23.57
Laos,LAO,2013,19.93
Laos,LAO,2014,25.16
Laos,LAO,2015,17.66
Laos,LAO,2016,7.47
Laos,LAO,2017,4
Laos,LAO,2018,4.22
Laos,LAO,2019,2.8
Laos,LAO,2020,1.48
Laos,LAO,2021,1.65
Laos,LAO,2022,0.94
Laos,LAO,2023,0.29
Laos,LAO,2024,0.13
Latin America and Caribbean (WB),WB_LAC,2000,13.469807
Latin America and Caribbean (WB),WB_LAC,2001,10.845258
Latin America and Caribbean (WB),WB_LAC,2002,9.7394495
Latin America and Caribbean (WB),WB_LAC,2003,9.399502
Latin America and Caribbean (WB),WB_LAC,2004,9.166026
Latin America and Caribbean (WB),WB_LAC,2005,10.03519
Latin America and Caribbean (WB),WB_LAC,2006,8.518944
Latin America and Caribbean (WB),WB_LAC,2007,7.558222
Latin America and Caribbean (WB),WB_LAC,2008,5.2568107
Latin America and Caribbean (WB),WB_LAC,2009,5.121163
Latin America and Caribbean (WB),WB_LAC,2010,6.0411634
Latin America and Caribbean (WB),WB_LAC,2011,4.4862685
Latin America and Caribbean (WB),WB_LAC,2012,4.2220874
Latin America and Caribbean (WB),WB_LAC,2013,4.1011014
Latin America and Caribbean (WB),WB_LAC,2014,3.3493402
Latin America and Caribbean (WB),WB_LAC,2015,3.9877708
Latin America and Caribbean (WB),WB_LAC,2016,4.7428937
Latin America and Caribbean (WB),WB_LAC,2017,6.4469976
Latin America and Caribbean (WB),WB_LAC,2018,6.275193
Latin America and Caribbean (WB),WB_LAC,2019,6.0079927
Latin America and Caribbean (WB),WB_LAC,2020,4.327918
Latin America and Caribbean (WB),WB_LAC,2021,3.8285282
Latin America and Caribbean (WB),WB_LAC,2022,3.4570942
Latin America and Caribbean (WB),WB_LAC,2023,3.7123377
Latin America and Caribbean (WB),WB_LAC,2024,4.2647777
Liberia,LBR,2000,397.08
Liberia,LBR,2001,406.05
Liberia,LBR,2002,415.53
Liberia,LBR,2003,423.21
Liberia,LBR,2004,406.13
Liberia,LBR,2005,403.18
Liberia,LBR,2006,390.79
Liberia,LBR,2007,372.68
Liberia,LBR,2008,357.06
Liberia,LBR,2009,342.42
Liberia,LBR,2010,322.14
Liberia,LBR,2011,299.38
Liberia,LBR,2012,266.12
Liberia,LBR,2013,260.75
Liberia,LBR,2014,287.7
Liberia,LBR,2015,318.13
Liberia,LBR,2016,348.7
Liberia,LBR,2017,356.09
Liberia,LBR,2018,331.58
Liberia,LBR,2019,300.8
Liberia,LBR,2020,276.93
Liberia,LBR,2021,216.07
Liberia,LBR,2022,181.79
Liberia,LBR,2023,179.32
Liberia,LBR,2024,172.34
Low-income countries,OWID_LIC,2000,296.39474
Low-income countries,OWID_LIC,2001,300.13013
Low-income countries,OWID_LIC,2002,294.30936
Low-income countries,OWID_LIC,2003,287.44824
Low-income countries,OWID_LIC,2004,274.78738
Low-income countries,OWID_LIC,2005,271.29776
Low-income countries,OWID_LIC,2006,265.72903
Low-income countries,OWID_LIC,2007,254.87245
Low-income countries,OWID_LIC,2008,249.40776
Low-income countries,OWID_LIC,2009,249.80801
Low-income countries,OWID_LIC,2010,245.87419
Low-income countries,OWID_LIC,2011,237.4867
Low-income countries,OWID_LIC,2012,231.64339
Low-income countries,OWID_LIC,2013,222.03008
Low-income countries,OWID_LIC,2014,217.06317
Low-income countries,OWID_LIC,2015,221.94131
Low-income countries,OWID_LIC,2016,222.13072
Low-income countries,OWID_LIC,2017,231.86403
Low-income countries,OWID_LIC,2018,226.5127
Low-income countries,OWID_LIC,2019,218.59604
Low-income countries,OWID_LIC,2020,219.06107
Low-income countries,OWID_LIC,2021,216.9488
Low-income countries,OWID_LIC,2022,210.07211
Low-income countries,OWID_LIC,2023,214.97456
Low-income countries,OWID_LIC,2024,217.86674
Lower-middle-income countries,OWID_LMC,2000,78.75342
Lower-middle-income countries,OWID_LMC,2001,78.4227
Lower-middle-income countries,OWID_LMC,2002,75.47449
Lower-middle-income countries,OWID_LMC,2003,75.748375
Lower-middle-income countries,OWID_LMC,2004,75.92423
Lower-middle-income countries,OWID_LMC,2005,75.13562
Lower-middle-income countries,OWID_LMC,2006,70.430725
Lower-middle-income countries,OWID_LMC,2007,67.745674
Lower-middle-income countries,OWID_LMC,2008,65.802956
Lower-middle-income countries,OWID_LMC,2009,64.519424
Lower-middle-income countries,OWID_LMC,2010,62.471664
Lower-middle-income countries,OWID_LMC,2011,58.882095
Lower-middle-income countries,OWID_LMC,2012,55.055264
Lower-middle-income countries,OWID_LMC,2013,51.808056
Lower-middle-income countries,OWID_LMC,2014,50.871998
Lower-middle-income countries,OWID_LMC,2015,50.432907
Lower-middle-income countries,OWID_LMC,2016,50.39825
Lower-middle-income countries,OWID_LMC,2017,50.32142
Lower-middle-income countries,OWID_LMC,2018,49.73926
Lower-middle-income countries,OWID_LMC,2019,50.00643
Lower-middle-income countries,OWID_LMC,2020,52.030144
Lower-middle-income countries,OWID_LMC,2021,52.125664
Lower-middle-income countries,OWID_LMC,2022,52.904247
Lower-middle-income countries,OWID_LMC,2023,53.553936
Lower-middle-income countries,OWID_LMC,2024,53.016518
Madagascar,MDG,2000,54.85
Madagascar,MDG,2001,65.26
Madagascar,MDG,2002,51.2
Madagascar,MDG,2003,65.3
Madagascar,MDG,2004,44.83
Madagascar,MDG,2005,34.6
Madagascar,MDG,2006,33.78
Madagascar,MDG,2007,30.68
Madagascar,MDG,2008,29.9
Madagascar,MDG,2009,44.57
Madagascar,MDG,2010,44.52
Madagascar,MDG,2011,37.08
Madagascar,MDG,2012,70.79
Madagascar,MDG,2013,63.67
Madagascar,MDG,2014,49.8
Madagascar,MDG,2015,106.98
Madagascar,MDG,2016,63.37
Madagascar,MDG,2017,77.22
Madagascar,MDG,2018,71.86
Madagascar,MDG,2019,71.73
Madagascar,MDG,2020,138.73
Madagascar,MDG,2021,166.33
Madagascar,MDG,2022,117.08
Madagascar,MDG,2023,200.02
Madagascar,MDG,2024,255.45
Malawi,MWI,2000,452.55
Malawi,MWI,2001,464.48
Malawi,MWI,2002,439.55
Malawi,MWI,2003,404.31
Malawi,MWI,2004,376.52
Malawi,MWI,2005,373.65
Malawi,MWI,2006,359.15
Malawi,MWI,2007,348.76
Malawi,MWI,2008,359.36
Malawi,MWI,2009,377.56
Malawi,MWI,2010,389.81
Malawi,MWI,2011,395.25
Malawi,MWI,2012,354.96
Malawi,MWI,2013,306.13
Malawi,MWI,2014,275.05
Malawi,MWI,2015,260.88
Malawi,MWI,2016,260.92
Malawi,MWI,2017,264.44
Malawi,MWI,2018,270.95
Malawi,MWI,2019,280.29
Malawi,MWI,2020,283.01
Malawi,MWI,2021,280.49
Malawi,MWI,2022,285.5
Malawi,MWI,2023,291.01
Malawi,MWI,2024,294.53
Malaysia,MYS,2000,13.83
Malaysia,MYS,2001,13.58
Malaysia,MYS,2002,11.43
Malaysia,MYS,2003,6.42
Malaysia,MYS,2004,6.09
Malaysia,MYS,2005,5.39
Malaysia,MYS,2006,5.01
Malaysia,MYS,2007,3.75
Malaysia,MYS,2008,5.51
Malaysia,MYS,2009,5.29
Malaysia,MYS,2010,4.53
Malaysia,MYS,2011,3.39
Malaysia,MYS,2012,3.09
Malaysia,MYS,2013,0.85
Malaysia,MYS,2014,0.49
Malaysia,MYS,2015,0.19
Malaysia,MYS,2016,0.21
Malaysia,MYS,2017,0.07
Malaysia,MYS,2018,0
Malaysia,MYS,2019,0
Malaysia,MYS,2020,0
Malaysia,MYS,2021,0
Malaysia,MYS,2022,0
Malaysia,MYS,2023,0
Malaysia,MYS,2024,0
Mali,MLI,2000,394.98
Mali,MLI,2001,396.22
Mali,MLI,2002,405.09
Mali,MLI,2003,412.36
Mali,MLI,2004,417.89
Mali,MLI,2005,419.83
Mali,MLI,2006,395.08
Mali,MLI,2007,378.67
Mali,MLI,2008,369.17
Mali,MLI,2009,364.79
Mali,MLI,2010,373.6
Mali,MLI,2011,394.18
Mali,MLI,2012,424.29
Mali,MLI,2013,441
Mali,MLI,2014,429.54
Mali,MLI,2015,381.71
Mali,MLI,2016,374.39
Mali,MLI,2017,376.98
Mali,MLI,2018,377.17
Mali,MLI,2019,325.76
Mali,MLI,2020,349.39
Mali,MLI,2021,345.92
Mali,MLI,2022,346.22
Mali,MLI,2023,346.22
Mali,MLI,2024,346.22
Mauritania,MRT,2000,96.39
Mauritania,MRT,2001,93.67
Mauritania,MRT,2002,92.59
Mauritania,MRT,2003,96.01
Mauritania,MRT,2004,86.37
Mauritania,MRT,2005,84.33
Mauritania,MRT,2006,76.41
Mauritania,MRT,2007,75.8
Mauritania,MRT,2008,65.48
Mauritania,MRT,2009,32.98
Mauritania,MRT,2010,36.28
Mauritania,MRT,2011,46.39
Mauritania,MRT,2012,24.34
Mauritania,MRT,2013,27.11
Mauritania,MRT,2014,56.3
Mauritania,MRT,2015,73.55
Mauritania,MRT,2016,94.53
Mauritania,MRT,2017,72.79
Mauritania,MRT,2018,79.68
Mauritania,MRT,2019,60.21
Mauritania,MRT,2020,64.11
Mauritania,MRT,2021,26.25
Mauritania,MRT,2022,57.55
Mauritania,MRT,2023,42.86
Mauritania,MRT,2024,69.55
Mexico,MEX,2000,3.53
Mexico,MEX,2001,2.35
Mexico,MEX,2002,2.15
Mexico,MEX,2003,1.75
Mexico,MEX,2004,1.54
Mexico,MEX,2005,1.32
Mexico,MEX,2006,1.11
Mexico,MEX,2007,1.02
Mexico,MEX,2008,1.01
Mexico,MEX,2009,1.14
Mexico,MEX,2010,0.51
Mexico,MEX,2011,0.43
Mexico,MEX,2012,0.34
Mexico,MEX,2013,0.2
Mexico,MEX,2014,0.26
Mexico,MEX,2015,0.2
Mexico,MEX,2016,0.21
Mexico,MEX,2017,0.28
Mexico,MEX,2018,0.31
Mexico,MEX,2019,0.23
Mexico,MEX,2020,0.13
Mexico,MEX,2021,0.09
Mexico,MEX,2022,0.06
Mexico,MEX,2023,0.02
Mexico,MEX,2024,0.1
"Middle East, North Africa, Afghanistan and Pakistan (WB)",WB_MENAP,2000,10.753183
"Middle East, North Africa, Afghanistan and Pakistan (WB)",WB_MENAP,2001,11.231475
"Middle East, North Africa, Afghanistan and Pakistan (WB)",WB_MENAP,2002,11.346971
"Middle East, North Africa, Afghanistan and Pakistan (WB)",WB_MENAP,2003,10.19128
"Middle East, North Africa, Afghanistan and Pakistan (WB)",WB_MENAP,2004,6.983615
"Middle East, North Africa, Afghanistan and Pakistan (WB)",WB_MENAP,2005,6.913386
"Middle East, North Africa, Afghanistan and Pakistan (WB)",WB_MENAP,2006,6.9878445
"Middle East, North Africa, Afghanistan and Pakistan (WB)",WB_MENAP,2007,5.9088006
"Middle East, North Africa, Afghanistan and Pakistan (WB)",WB_MENAP,2008,4.5864477
"Middle East, North Africa, Afghanistan and Pakistan (WB)",WB_MENAP,2009,5.220857
"Middle East, North Africa, Afghanistan and Pakistan (WB)",WB_MENAP,2010,7.323871
"Middle East, North Africa, Afghanistan and Pakistan (WB)",WB_MENAP,2011,7.6389127
"Middle East, North Africa, Afghanistan and Pakistan (WB)",WB_MENAP,2012,6.5554814
"Middle East, North Africa, Afghanistan and Pakistan (WB)",WB_MENAP,2013,5.5671268
"Middle East, North Africa, Afghanistan and Pakistan (WB)",WB_MENAP,2014,4.4392595
"Middle East, North Africa, Afghanistan and Pakistan (WB)",WB_MENAP,2015,4.333661
"Middle East, North Africa, Afghanistan and Pakistan (WB)",WB_MENAP,2016,5.480837
"Middle East, North Africa, Afghanistan and Pakistan (WB)",WB_MENAP,2017,5.31154
"Middle East, North Africa, Afghanistan and Pakistan (WB)",WB_MENAP,2018,4.923956
"Middle East, North Africa, Afghanistan and Pakistan (WB)",WB_MENAP,2019,4.2082424
"Middle East, North Africa, Afghanistan and Pakistan (WB)",WB_MENAP,2020,3.5906076
"Middle East, North Africa, Afghanistan and Pakistan (WB)",WB_MENAP,2021,3.7269716
"Middle East, North Africa, Afghanistan and Pakistan (WB)",WB_MENAP,2022,7.9454865
"Middle East, North Africa, Afghanistan and Pakistan (WB)",WB_MENAP,2023,11.332787
"Middle East, North Africa, Afghanistan and Pakistan (WB)",WB_MENAP,2024,9.970843
Morocco,MAR,2000,0
Morocco,MAR,2001,0
Morocco,MAR,2002,0
Morocco,MAR,2003,0
Morocco,MAR,2004,0
Morocco,MAR,2005,0
Morocco,MAR,2006,0
Morocco,MAR,2007,0
Morocco,MAR,2008,0
Morocco,MAR,2009,0
Morocco,MAR,2010,0
Morocco,MAR,2011,0
Morocco,MAR,2012,0
Morocco,MAR,2013,0
Morocco,MAR,2014,0
Morocco,MAR,2015,0
Morocco,MAR,2016,0
Morocco,MAR,2017,0
Morocco,MAR,2018,0
Morocco,MAR,2019,0
Morocco,MAR,2020,0
Morocco,MAR,2021,0
Morocco,MAR,2022,0
Morocco,MAR,2023,0
Morocco,MAR,2024,0
Mozambique,MOZ,2000,473.67
Mozambique,MOZ,2001,489.94
Mozambique,MOZ,2002,494.65
Mozambique,MOZ,2003,483.85
Mozambique,MOZ,2004,459.3
Mozambique,MOZ,2005,442.25
Mozambique,MOZ,2006,417.42
Mozambique,MOZ,2007,388.02
Mozambique,MOZ,2008,369.61
Mozambique,MOZ,2009,371.47
Mozambique,MOZ,2010,377.94
Mozambique,MOZ,2011,375.99
Mozambique,MOZ,2012,375.23
Mozambique,MOZ,2013,372.38
Mozambique,MOZ,2014,361.47
Mozambique,MOZ,2015,353.67
Mozambique,MOZ,2016,345.21
Mozambique,MOZ,2017,333.74
Mozambique,MOZ,2018,331.3
Mozambique,MOZ,2019,323.97
Mozambique,MOZ,2020,320.65
Mozambique,MOZ,2021,312.45
Mozambique,MOZ,2022,304.5
Mozambique,MOZ,2023,303.5
Mozambique,MOZ,2024,295.1
Myanmar,MMR,2000,34.4
Myanmar,MMR,2001,34.4
Myanmar,MMR,2002,34.4
Myanmar,MMR,2003,34.4
Myanmar,MMR,2004,34.4
Myanmar,MMR,2005,34.4
Myanmar,MMR,2006,24.45
Myanmar,MMR,2007,30.65
Myanmar,MMR,2008,37.33
Myanmar,MMR,2009,35.2
Myanmar,MMR,2010,35.29
Myanmar,MMR,2011,30.81
Myanmar,MMR,2012,40.4
Myanmar,MMR,2013,13.97
Myanmar,MMR,2014,8.69
Myanmar,MMR,2015,6.1
Myanmar,MMR,2016,3.61
Myanmar,MMR,2017,2.67
Myanmar,MMR,2018,2.39
Myanmar,MMR,2019,1.71
Myanmar,MMR,2020,1.78
Myanmar,MMR,2021,6.3
Myanmar,MMR,2022,12.51
Myanmar,MMR,2023,17.96
Myanmar,MMR,2024,14.78
Namibia,NAM,2000,53.57
Namibia,NAM,2001,69.81
Namibia,NAM,2002,46.92
Namibia,NAM,2003,44.39
Namibia,NAM,2004,68.43
Namibia,NAM,2005,41.83
Namibia,NAM,2006,43.12
Namibia,NAM,2007,12.9
Namibia,NAM,2008,7.44
Namibia,NAM,2009,3.68
Namibia,NAM,2010,1.55
Namibia,NAM,2011,1.81
Namibia,NAM,2012,3.13
Namibia,NAM,2013,4.39
Namibia,NAM,2014,14.05
Namibia,NAM,2015,7.99
Namibia,NAM,2016,16.55
Namibia,NAM,2017,44.81
Namibia,NAM,2018,24.55
Namibia,NAM,2019,2.71
Namibia,NAM,2020,9.32
Namibia,NAM,2021,9.56
Namibia,NAM,2022,7.38
Namibia,NAM,2023,8.24
Namibia,NAM,2024,7.2
Nepal,NPL,2000,6.73
Nepal,NPL,2001,7.7
Nepal,NPL,2002,11.58
Nepal,NPL,2003,9.77
Nepal,NPL,2004,4.6
Nepal,NPL,2005,4.72
Nepal,NPL,2006,4.61
Nepal,NPL,2007,5.42
Nepal,NPL,2008,3.96
Nepal,NPL,2009,3.25
Nepal,NPL,2010,3.8
Nepal,NPL,2011,2.32
Nepal,NPL,2012,1.71
Nepal,NPL,2013,1.27
Nepal,NPL,2014,0.61
Nepal,NPL,2015,0.54
Nepal,NPL,2016,0.41
Nepal,NPL,2017,0.33
Nepal,NPL,2018,0.34
Nepal,NPL,2019,0.02
Nepal,NPL,2020,0.01
Nepal,NPL,2021,0
Nepal,NPL,2022,0
Nepal,NPL,2023,0
Nepal,NPL,2024,0
Nicaragua,NIC,2000,6.78
Nicaragua,NIC,2001,2.96
Nicaragua,NIC,2002,2.15
Nicaragua,NIC,2003,1.86
Nicaragua,NIC,2004,1.88
Nicaragua,NIC,2005,1.79
Nicaragua,NIC,2006,0.83
Nicaragua,NIC,2007,0.35
Nicaragua,NIC,2008,0.2
Nicaragua,NIC,2009,0.16
Nicaragua,NIC,2010,0.17
Nicaragua,NIC,2011,0.23
Nicaragua,NIC,2012,0.3
Nicaragua,NIC,2013,0.28
Nicaragua,NIC,2014,0.27
Nicaragua,NIC,2015,0.53
Nicaragua,NIC,2016,1.45
Nicaragua,NIC,2017,2.49
Nicaragua,NIC,2018,3.58
Nicaragua,NIC,2019,2.93
Nicaragua,NIC,2020,5.62
Nicaragua,NIC,2021,5.04
Nicaragua,NIC,2022,3.44
Nicaragua,NIC,2023,1.42
Nicaragua,NIC,2024,1.04
Niger,NER,2000,359.24
Niger,NER,2001,350.71
Niger,NER,2002,327.87
Niger,NER,2003,298.92
Niger,NER,2004,302.78
Niger,NER,2005,310.49
Niger,NER,2006,307.39
Niger,NER,2007,315.37
Niger,NER,2008,351.76
Niger,NER,2009,377.45
Niger,NER,2010,410.05
Niger,NER,2011,424.02
Niger,NER,2012,427.97
Niger,NER,2013,416.72
Niger,NER,2014,410.12
Niger,NER,2015,404.9
Niger,NER,2016,389.33
Niger,NER,2017,367.77
Niger,NER,2018,349.75
Niger,NER,2019,332.56
Niger,NER,2020,330.78
Niger,NER,2021,304.18
Niger,NER,2022,305.14
Niger,NER,2023,305.14
Niger,NER,2024,305.14
Nigeria,NGA,2000,401.79
Nigeria,NGA,2001,394.49
Nigeria,NGA,2002,381.75
Nigeria,NGA,2003,382.09
Nigeria,NGA,2004,390.12
Nigeria,NGA,2005,395.9
Nigeria,NGA,2006,398.57
Nigeria,NGA,2007,400.61
Nigeria,NGA,2008,402.01
Nigeria,NGA,2009,389.96
Nigeria,NGA,2010,363.36
Nigeria,NGA,2011,339.51
Nigeria,NGA,2012,316.22
Nigeria,NGA,2013,297.83
Nigeria,NGA,2014,287.7
Nigeria,NGA,2015,283.81
Nigeria,NGA,2016,284.83
Nigeria,NGA,2017,288.98
Nigeria,NGA,2018,291.07
Nigeria,NGA,2019,293
Nigeria,NGA,2020,304.37
Nigeria,NGA,2021,299.27
Nigeria,NGA,2022,299
Nigeria,NGA,2023,299
Nigeria,NGA,2024,294.25
North Korea,PRK,2000,9.79
North Korea,PRK,2001,12.42
North Korea,PRK,2002,10.56
North Korea,PRK,2003,1.76
North Korea,PRK,2004,1.67
North Korea,PRK,2005,0.71
North Korea,PRK,2006,0.72
North Korea,PRK,2007,0.5
North Korea,PRK,2008,1.72
North Korea,PRK,2009,1.5
North Korea,PRK,2010,1.38
North Korea,PRK,2011,1.71
North Korea,PRK,2012,2.22
North Korea,PRK,2013,1.45
North Korea,PRK,2014,1.06
North Korea,PRK,2015,0.7
North Korea,PRK,2016,0.5
North Korea,PRK,2017,0.46
North Korea,PRK,2018,0.36
North Korea,PRK,2019,0.18
North Korea,PRK,2020,0.18
North Korea,PRK,2021,0.23
North Korea,PRK,2022,0.21
North Korea,PRK,2023,0.31
North Korea,PRK,2024,0.51
Oman,OMN,2000,0
Oman,OMN,2001,0
Oman,OMN,2002,0
Oman,OMN,2003,0
Oman,OMN,2004,0
Oman,OMN,2005,0
Oman,OMN,2006,0
Oman,OMN,2007,0
Oman,OMN,2008,0
Oman,OMN,2009,0
Oman,OMN,2010,0
Oman,OMN,2011,0
Oman,OMN,2012,0
Oman,OMN,2013,0
Oman,OMN,2014,0
Oman,OMN,2015,0
Oman,OMN,2016,0
Oman,OMN,2017,0
Oman,OMN,2018,0
Oman,OMN,2019,0
Oman,OMN,2020,0
Oman,OMN,2021,0
Oman,OMN,2022,0
Oman,OMN,2023,0
Oman,OMN,2024,0
Pakistan,PAK,2000,6.08
Pakistan,PAK,2001,6.63
Pakistan,PAK,2002,6.02
Pakistan,PAK,2003,5.63
Pakistan,PAK,2004,4.06
Pakistan,PAK,2005,4.9
Pakistan,PAK,2006,4.82
Pakistan,PAK,2007,4.61
Pakistan,PAK,2008,4.1
Pakistan,PAK,2009,5.32
Pakistan,PAK,2010,7.38
Pakistan,PAK,2011,9.52
Pakistan,PAK,2012,8.09
Pakistan,PAK,2013,6.66
Pakistan,PAK,2014,4.72
Pakistan,PAK,2015,4.68
Pakistan,PAK,2016,4.7
Pakistan,PAK,2017,3.74
Pakistan,PAK,2018,3.16
Pakistan,PAK,2019,2.82
Pakistan,PAK,2020,2.35
Pakistan,PAK,2021,2.15
Pakistan,PAK,2022,11.08
Pakistan,PAK,2023,17.61
Pakistan,PAK,2024,12.77
Panama,PAN,2000,0.54
Panama,PAN,2001,0.48
Panama,PAN,2002,1.13
Panama,PAN,2003,2.22
Panama,PAN,2004,2.46
Panama,PAN,2005,1.74
Panama,PAN,2006,0.77
Panama,PAN,2007,0.59
Panama,PAN,2008,0.33
Panama,PAN,2009,0.34
Panama,PAN,2010,0.18
Panama,PAN,2011,0.15
Panama,PAN,2012,0.35
Panama,PAN,2013,0.29
Panama,PAN,2014,0.39
Panama,PAN,2015,0.22
Panama,PAN,2016,0.3
Panama,PAN,2017,0.29
Panama,PAN,2018,0.28
Panama,PAN,2019,0.65
Panama,PAN,2020,0.71
Panama,PAN,2021,1.43
Panama,PAN,2022,1.61
Panama,PAN,2023,3.18
Panama,PAN,2024,3.5
Papua New Guinea,PNG,2000,264.08
Papua New Guinea,PNG,2001,252
Papua New Guinea,PNG,2002,208.62
Papua New Guinea,PNG,2003,217.7
Papua New Guinea,PNG,2004,269.94
Papua New Guinea,PNG,2005,216.27
Papua New Guinea,PNG,2006,219.58
Papua New Guinea,PNG,2007,179.69
Papua New Guinea,PNG,2008,164.32
Papua New Guinea,PNG,2009,211.09
Papua New Guinea,PNG,2010,141.39
Papua New Guinea,PNG,2011,114.39
Papua New Guinea,PNG,2012,154.67
Papua New Guinea,PNG,2013,171.06
Papua New Guinea,PNG,2014,189.34
Papua New Guinea,PNG,2015,101.19
Papua New Guinea,PNG,2016,134.9
Papua New Guinea,PNG,2017,134.03
Papua New Guinea,PNG,2018,138.57
Papua New Guinea,PNG,2019,140.1
Papua New Guinea,PNG,2020,149.77
Papua New Guinea,PNG,2021,123.55
Papua New Guinea,PNG,2022,162.7
Papua New Guinea,PNG,2023,147.2
Papua New Guinea,PNG,2024,151.76
Paraguay,PRY,2000,37.32
Paraguay,PRY,2001,14.49
Paraguay,PRY,2002,14.65
Paraguay,PRY,2003,7.24
Paraguay,PRY,2004,3.57
Paraguay,PRY,2005,1.9
Paraguay,PRY,2006,4.14
Paraguay,PRY,2007,6.68
Paraguay,PRY,2008,1.64
Paraguay,PRY,2009,0.39
Paraguay,PRY,2010,0.1
Paraguay,PRY,2011,0
Paraguay,PRY,2012,0
Paraguay,PRY,2013,0
Paraguay,PRY,2014,0
Paraguay,PRY,2015,0
Paraguay,PRY,2016,0
Paraguay,PRY,2017,0
Paraguay,PRY,2018,0
Paraguay,PRY,2019,0
Paraguay,PRY,2020,0
Paraguay,PRY,2021,0
Paraguay,PRY,2022,0
Paraguay,PRY,2023,0
Paraguay,PRY,2024,0
Peru,PER,2000,13.19
Peru,PER,2001,9.92
Peru,PER,2002,12.03
Peru,PER,2003,10.32
Peru,PER,2004,10.55
Peru,PER,2005,9.8
Peru,PER,2006,7.2
Peru,PER,2007,5.59
Peru,PER,2008,4.84
Peru,PER,2009,4.58
Peru,PER,2010,3.31
Peru,PER,2011,2.69
Peru,PER,2012,3.48
Peru,PER,2013,5.35
Peru,PER,2014,7.1
Peru,PER,2015,7.26
Peru,PER,2016,6.01
Peru,PER,2017,5.91
Peru,PER,2018,4.67
Peru,PER,2019,3.59
Peru,PER,2020,2.31
Peru,PER,2021,1.79
Peru,PER,2022,2.72
Peru,PER,2023,2.19
Peru,PER,2024,3.25
Philippines,PHL,2000,1.73
Philippines,PHL,2001,1.19
Philippines,PHL,2002,1.46
Philippines,PHL,2003,2.04
Philippines,PHL,2004,1.82
Philippines,PHL,2005,1.63
Philippines,PHL,2006,1.98
Philippines,PHL,2007,2.13
Philippines,PHL,2008,1.39
Philippines,PHL,2009,1.07
Philippines,PHL,2010,0.96
Philippines,PHL,2011,0.42
Philippines,PHL,2012,0.33
Philippines,PHL,2013,0.3
Philippines,PHL,2014,0.24
Philippines,PHL,2015,0.46
Philippines,PHL,2016,0.28
Philippines,PHL,2017,0.26
Philippines,PHL,2018,0.17
Philippines,PHL,2019,0.21
Philippines,PHL,2020,0.23
Philippines,PHL,2021,0.16
Philippines,PHL,2022,0.12
Philippines,PHL,2023,0.23
Philippines,PHL,2024,0.35
Rwanda,RWA,2000,180.43
Rwanda,RWA,2001,171.34
Rwanda,RWA,2002,156.99
Rwanda,RWA,2003,139.22
Rwanda,RWA,2004,122.34
Rwanda,RWA,2005,152.06
Rwanda,RWA,2006,150.06
Rwanda,RWA,2007,88.02
Rwanda,RWA,2008,69.73
Rwanda,RWA,2009,153.74
Rwanda,RWA,2010,104.65
Rwanda,RWA,2011,36.94
Rwanda,RWA,2012,59.69
Rwanda,RWA,2013,109.49
Rwanda,RWA,2014,202.3
Rwanda,RWA,2015,308.04
Rwanda,RWA,2016,410.08
Rwanda,RWA,2017,711.44
Rwanda,RWA,2018,477.57
Rwanda,RWA,2019,385.35
Rwanda,RWA,2020,213.12
Rwanda,RWA,2021,118.74
Rwanda,RWA,2022,85.57
Rwanda,RWA,2023,53.64
Rwanda,RWA,2024,77.14
Sao Tome and Principe,STP,2000,222.02
Sao Tome and Principe,STP,2001,287.52
Sao Tome and Principe,STP,2002,337.42
Sao Tome and Principe,STP,2003,277.32
Sao Tome and Principe,STP,2004,294.77
Sao Tome and Principe,STP,2005,112.22
Sao Tome and Principe,STP,2006,31.07
Sao Tome and Principe,STP,2007,14.27
Sao Tome and Principe,STP,2008,36.01
Sao Tome and Principe,STP,2009,34.76
Sao Tome and Principe,STP,2010,17.3
Sao Tome and Principe,STP,2011,45.47
Sao Tome and Principe,STP,2012,66.25
Sao Tome and Principe,STP,2013,47.85
Sao Tome and Principe,STP,2014,8.91
Sao Tome and Principe,STP,2015,10.27
Sao Tome and Principe,STP,2016,10.99
Sao Tome and Principe,STP,2017,10.82
Sao Tome and Principe,STP,2018,13.97
Sao Tome and Principe,STP,2019,11.47
Sao Tome and Principe,STP,2020,8.89
Sao Tome and Principe,STP,2021,12.25
Sao Tome and Principe,STP,2022,17.54
Sao Tome and Principe,STP,2023,10.17
Sao Tome and Principe,STP,2024,30.09
Saudi Arabia,SAU,2000,3.81
Saudi Arabia,SAU,2001,1.68
Saudi Arabia,SAU,2002,1.36
Saudi Arabia,SAU,2003,0.86
Saudi Arabia,SAU,2004,0.58
Saudi Arabia,SAU,2005,0.48
Saudi Arabia,SAU,2006,0.56
Saudi Arabia,SAU,2007,0.19
Saudi Arabia,SAU,2008,0.02
Saudi Arabia,SAU,2009,0.02
Saudi Arabia,SAU,2010,0.01
Saudi Arabia,SAU,2011,0.02
Saudi Arabia,SAU,2012,0.03
Saudi Arabia,SAU,2013,0.01
Saudi Arabia,SAU,2014,0.01
Saudi Arabia,SAU,2015,0.03
Saudi Arabia,SAU,2016,0.08
Saudi Arabia,SAU,2017,0.05
Saudi Arabia,SAU,2018,0.02
Saudi Arabia,SAU,2019,0.01
Saudi Arabia,SAU,2020,0.02
Saudi Arabia,SAU,2021,0
Saudi Arabia,SAU,2022,0
Saudi Arabia,SAU,2023,0
Saudi Arabia,SAU,2024,0
Senegal,SEN,2000,230.37
Senegal,SEN,2001,176.61
Senegal,SEN,2002,156.98
Senegal,SEN,2003,168.09
Senegal,SEN,2004,129.2
Senegal,SEN,2005,132.26
Senegal,SEN,2006,121.53
Senegal,SEN,2007,98.57
Senegal,SEN,2008,52.18
Senegal,SEN,2009,32.88
Senegal,SEN,2010,60.4
Senegal,SEN,2011,48.31
Senegal,SEN,2012,53.04
Senegal,SEN,2013,57.87
Senegal,SEN,2014,37.65
Senegal,SEN,2015,69.27
Senegal,SEN,2016,45.5
Senegal,SEN,2017,52.06
Senegal,SEN,2018,65.83
Senegal,SEN,2019,41.11
Senegal,SEN,2020,35.59
Senegal,SEN,2021,41.85
Senegal,SEN,2022,38.1
Senegal,SEN,2023,34.69
Senegal,SEN,2024,36.78
Sierra Leone,SLE,2000,424.58
Sierra Leone,SLE,2001,425.06
Sierra Leone,SLE,2002,425.58
Sierra Leone,SLE,2003,414.3
Sierra Leone,SLE,2004,405.39
Sierra Leone,SLE,2005,401.19
Sierra Leone,SLE,2006,397.65
Sierra Leone,SLE,2007,405.15
Sierra Leone,SLE,2008,427.1
Sierra Leone,SLE,2009,445.04
Sierra Leone,SLE,2010,438.89
Sierra Leone,SLE,2011,427.79
Sierra Leone,SLE,2012,413.44
Sierra Leone,SLE,2013,396.12
Sierra Leone,SLE,2014,380.3
Sierra Leone,SLE,2015,367.82
Sierra Leone,SLE,2016,363.56
Sierra Leone,SLE,2017,350.55
Sierra Leone,SLE,2018,340.61
Sierra Leone,SLE,2019,321.88
Sierra Leone,SLE,2020,313.11
Sierra Leone,SLE,2021,305.82
Sierra Leone,SLE,2022,298.19
Sierra Leone,SLE,2023,284.08
Sierra Leone,SLE,2024,282.67
Solomon Islands,SLB,2000,583.82
Solomon Islands,SLB,2001,643.07
Solomon Islands,SLB,2002,618.21
Solomon Islands,SLB,2003,518.28
Solomon Islands,SLB,2004,718.98
Solomon Islands,SLB,2005,598.05
Solomon Islands,SLB,2006,579.21
Solomon Islands,SLB,2007,314.03
Solomon Islands,SLB,2008,184.87
Solomon Islands,SLB,2009,146.81
Solomon Islands,SLB,2010,173.27
Solomon Islands,SLB,2011,114.49
Solomon Islands,SLB,2012,91.96
Solomon Islands,SLB,2013,91.15
Solomon Islands,SLB,2014,56.99
Solomon Islands,SLB,2015,62.89
Solomon Islands,SLB,2016,128.37
Solomon Islands,SLB,2017,156.8
Solomon Islands,SLB,2018,125.88
Solomon Islands,SLB,2019,195.76
Solomon Islands,SLB,2020,154.7
Solomon Islands,SLB,2021,204.13
Solomon Islands,SLB,2022,210.95
Solomon Islands,SLB,2023,240.82
Solomon Islands,SLB,2024,224.28
Somalia,SOM,2000,133.15
Somalia,SOM,2001,141.04
Somalia,SOM,2002,133.37
Somalia,SOM,2003,132.19
Somalia,SOM,2004,120.72
Somalia,SOM,2005,131.66
Somalia,SOM,2006,118.99
Somalia,SOM,2007,95.9
Somalia,SOM,2008,60.03
Somalia,SOM,2009,38.1
Somalia,SOM,2010,41.12
Somalia,SOM,2011,33.62
Somalia,SOM,2012,34.13
Somalia,SOM,2013,40.43
Somalia,SOM,2014,46.61
Somalia,SOM,2015,55.22
Somalia,SOM,2016,55.25
Somalia,SOM,2017,54.91
Somalia,SOM,2018,56.16
Somalia,SOM,2019,56.65
Somalia,SOM,2020,56.5
Somalia,SOM,2021,55.35
Somalia,SOM,2022,54.67
Somalia,SOM,2023,54.37
Somalia,SOM,2024,53.28
South Africa,ZAF,2000,3.86
South Africa,ZAF,2001,5.57
South Africa,ZAF,2002,3.26
South Africa,ZAF,2003,2.78
South Africa,ZAF,2004,2.73
South Africa,ZAF,2005,1.57
South Africa,ZAF,2006,2.42
South Africa,ZAF,2007,1.25
South Africa,ZAF,2008,1.53
South Africa,ZAF,2009,1.17
South Africa,ZAF,2010,1.54
South Africa,ZAF,2011,1.86
South Africa,ZAF,2012,1.23
South Africa,ZAF,2013,1.58
South Africa,ZAF,2014,2.11
South Africa,ZAF,2015,0.87
South Africa,ZAF,2016,0.75
South Africa,ZAF,2017,4.06
South Africa,ZAF,2018,1.63
South Africa,ZAF,2019,0.81
South Africa,ZAF,2020,0.74
South Africa,ZAF,2021,0.48
South Africa,ZAF,2022,0.33
South Africa,ZAF,2023,0.84
South Africa,ZAF,2024,0.11
South Asia (WB),WB_SA,2000,21.585285
South Asia (WB),WB_SA,2001,21.284794
South Asia (WB),WB_SA,2002,19.223846
South Asia (WB),WB_SA,2003,19.930641
South Asia (WB),WB_SA,2004,21.321249
South Asia (WB),WB_SA,2005,21.964642
South Asia (WB),WB_SA,2006,16.174067
South Asia (WB),WB_SA,2007,14.67121
South Asia (WB),WB_SA,2008,14.305475
South Asia (WB),WB_SA,2009,13.584968
South Asia (WB),WB_SA,2010,12.8486
South Asia (WB),WB_SA,2011,10.347382
South Asia (WB),WB_SA,2012,7.9410534
South Asia (WB),WB_SA,2013,6.140647
South Asia (WB),WB_SA,2014,6.232693
South Asia (WB),WB_SA,2015,6.3232617
South Asia (WB),WB_SA,2016,6.165376
South Asia (WB),WB_SA,2017,4.527039
South Asia (WB),WB_SA,2018,3.35949
South Asia (WB),WB_SA,2019,2.7882264
South Asia (WB),WB_SA,2020,2.4752133
South Asia (WB),WB_SA,2021,2.446809
South Asia (WB),WB_SA,2022,1.3828914
South Asia (WB),WB_SA,2023,1.3226757
South Asia (WB),WB_SA,2024,1.456189
South Korea,KOR,2000,1.28
South Korea,KOR,2001,0.78
South Korea,KOR,2002,0.54
South Korea,KOR,2003,0.35
South Korea,KOR,2004,0.26
South Korea,KOR,2005,0.41
South Korea,KOR,2006,0.61
South Korea,KOR,2007,0.66
South Korea,KOR,2008,0.31
South Korea,KOR,2009,0.26
South Korea,KOR,2010,0.37
South Korea,KOR,2011,0.15
South Korea,KOR,2012,0.11
South Korea,KOR,2013,0.11
South Korea,KOR,2014,0.16
South Korea,KOR,2015,0.18
South Korea,KOR,2016,0.17
South Korea,KOR,2017,0.12
South Korea,KOR,2018,0.14
South Korea,KOR,2019,0.13
South Korea,KOR,2020,0.1
South Korea,KOR,2021,0.08
South Korea,KOR,2022,0.11
South Korea,KOR,2023,0.18
South Korea,KOR,2024,0.18
South Sudan,SSD,2000,344.59
South Sudan,SSD,2001,344.91
South Sudan,SSD,2002,339.69
South Sudan,SSD,2003,329.78
South Sudan,SSD,2004,315.5
South Sudan,SSD,2005,305.86
South Sudan,SSD,2006,292.76
South Sudan,SSD,2007,274.8
South Sudan,SSD,2008,268.1
South Sudan,SSD,2009,271.12
South Sudan,SSD,2010,275.62
South Sudan,SSD,2011,281.33
South Sudan,SSD,2012,278.4
South Sudan,SSD,2013,276.1
South Sudan,SSD,2014,271.04
South Sudan,SSD,2015,269.31
South Sudan,SSD,2016,265.71
South Sudan,SSD,2017,277.3
South Sudan,SSD,2018,276.3
South Sudan,SSD,2019,285.93
South Sudan,SSD,2020,281.6
South Sudan,SSD,2021,276.82
South Sudan,SSD,2022,274.78
South Sudan,SSD,2023,264.93
South Sudan,SSD,2024,254.08
Sri Lanka,LKA,2000,47.33
Sri Lanka,LKA,2001,14.76
Sri Lanka,LKA,2002,9.09
Sri Lanka,LKA,2003,2.29
Sri Lanka,LKA,2004,0.81
Sri Lanka,LKA,2005,0.35
Sri Lanka,LKA,2006,0.13
Sri Lanka,LKA,2007,0.04
Sri Lanka,LKA,2008,0.14
Sri Lanka,LKA,2009,0.11
Sri Lanka,LKA,2010,0.14
Sri Lanka,LKA,2011,0.03
Sri Lanka,LKA,2012,0
Sri Lanka,LKA,2013,0
Sri Lanka,LKA,2014,0
Sri Lanka,LKA,2015,0
Sri Lanka,LKA,2016,0
Sri Lanka,LKA,2017,0
Sri Lanka,LKA,2018,0
Sri Lanka,LKA,2019,0
Sri Lanka,LKA,2020,0
Sri Lanka,LKA,2021,0
Sri Lanka,LKA,2022,0
Sri Lanka,LKA,2023,0
Sri Lanka,LKA,2024,0
Sub-Saharan Africa (WB),WB_SSA,2000,339.8523
Sub-Saharan Africa (WB),WB_SSA,2001,341.9427
Sub-Saharan Africa (WB),WB_SSA,2002,332.0465
Sub-Saharan Africa (WB),WB_SSA,2003,328.79623
Sub-Saharan Africa (WB),WB_SSA,2004,320.99738
Sub-Saharan Africa (WB),WB_SSA,2005,310.2081
Sub-Saharan Africa (WB),WB_SSA,2006,301.74835
Sub-Saharan Africa (WB),WB_SSA,2007,289.61502
Sub-Saharan Africa (WB),WB_SSA,2008,279.74463
Sub-Saharan Africa (WB),WB_SSA,2009,278.21527
Sub-Saharan Africa (WB),WB_SSA,2010,271.8425
Sub-Saharan Africa (WB),WB_SSA,2011,260.37595
Sub-Saharan Africa (WB),WB_SSA,2012,250.56586
Sub-Saharan Africa (WB),WB_SSA,2013,242.07184
Sub-Saharan Africa (WB),WB_SSA,2014,232.98427
Sub-Saharan Africa (WB),WB_SSA,2015,232.49345
Sub-Saharan Africa (WB),WB_SSA,2016,227.77922
Sub-Saharan Africa (WB),WB_SSA,2017,231.5355
Sub-Saharan Africa (WB),WB_SSA,2018,225.53288
Sub-Saharan Africa (WB),WB_SSA,2019,222.06325
Sub-Saharan Africa (WB),WB_SSA,2020,227.98677
Sub-Saharan Africa (WB),WB_SSA,2021,225.1447
Sub-Saharan Africa (WB),WB_SSA,2022,222.16948
Sub-Saharan Africa (WB),WB_SSA,2023,227.15996
Sub-Saharan Africa (WB),WB_SSA,2024,229.26143
Sudan,SDN,2000,89.72
Sudan,SDN,2001,83.54
Sudan,SDN,2002,65.5
Sudan,SDN,2003,60.42
Sudan,SDN,2004,54.28
Sudan,SDN,2005,53.25
Sudan,SDN,2006,52.2
Sudan,SDN,2007,45.08
Sudan,SDN,2008,37.18
Sudan,SDN,2009,34.3
Sudan,SDN,2010,32.39
Sudan,SDN,2011,32.03
Sudan,SDN,2012,32.33
Sudan,SDN,2013,33.7
Sudan,SDN,2014,37.1
Sudan,SDN,2015,43.25
Sudan,SDN,2016,50.43
Sudan,SDN,2017,56.38
Sudan,SDN,2018,59.35
Sudan,SDN,2019,63.16
Sudan,SDN,2020,65.76
Sudan,SDN,2021,70.36
Sudan,SDN,2022,72.02
Sudan,SDN,2023,97.57
Sudan,SDN,2024,98.25
Suriname,SUR,2000,161.38
Suriname,SUR,2001,222.68
Suriname,SUR,2002,175.03
Suriname,SUR,2003,146.82
Suriname,SUR,2004,110.37
Suriname,SUR,2005,119.05
Suriname,SUR,2006,42.42
Suriname,SUR,2007,14.08
Suriname,SUR,2008,26.29
Suriname,SUR,2009,31.13
Suriname,SUR,2010,21.8
Suriname,SUR,2011,9.68
Suriname,SUR,2012,6.85
Suriname,SUR,2013,6.25
Suriname,SUR,2014,4.72
Suriname,SUR,2015,0.94
Suriname,SUR,2016,0.9
Suriname,SUR,2017,1.56
Suriname,SUR,2018,0.34
Suriname,SUR,2019,1.16
Suriname,SUR,2020,1.63
Suriname,SUR,2021,0.24
Suriname,SUR,2022,0
Suriname,SUR,2023,0
Suriname,SUR,2024,0
Syria,SYR,2000,0
Syria,SYR,2001,0
Syria,SYR,2002,0
Syria,SYR,2003,0
Syria,SYR,2004,0
Syria,SYR,2005,0
Syria,SYR,2006,0
Syria,SYR,2007,0
Syria,SYR,2008,0
Syria,SYR,2009,0
Syria,SYR,2010,0
Syria,SYR,2011,0
Syria,SYR,2012,0
Syria,SYR,2013,0
Syria,SYR,2014,0
Syria,SYR,2015,0
Syria,SYR,2016,0
Syria,SYR,2017,0
Syria,SYR,2018,0
Syria,SYR,2019,0
Syria,SYR,2020,0
Syria,SYR,2021,0
Syria,SYR,2022,0
Syria,SYR,2023,0
Syria,SYR,2024,0
Tajikistan,TJK,2000,9.08
Tajikistan,TJK,2001,5.32
Tajikistan,TJK,2002,2.82
Tajikistan,TJK,2003,2.44
Tajikistan,TJK,2004,1.58
Tajikistan,TJK,2005,1
Tajikistan,TJK,2006,0.57
Tajikistan,TJK,2007,0.26
Tajikistan,TJK,2008,0.13
Tajikistan,TJK,2009,0.07
Tajikistan,TJK,2010,0.04
Tajikistan,TJK,2011,0.02
Tajikistan,TJK,2012,0.01
Tajikistan,TJK,2013,0
Tajikistan,TJK,2014,0
Tajikistan,TJK,2015,0
Tajikistan,TJK,2016,0
Tajikistan,TJK,2017,0
Tajikistan,TJK,2018,0
Tajikistan,TJK,2019,0
Tajikistan,TJK,2020,0
Tajikistan,TJK,2021,0
Tajikistan,TJK,2022,0
Tajikistan,TJK,2023,0
Tajikistan,TJK,2024,0
Tanzania,TZA,2000,334.61
Tanzania,TZA,2001,318.45
Tanzania,TZA,2002,297.33
Tanzania,TZA,2003,278.65
Tanzania,TZA,2004,264.95
Tanzania,TZA,2005,251.68
Tanzania,TZA,2006,225.72
Tanzania,TZA,2007,197.89
Tanzania,TZA,2008,174.56
Tanzania,TZA,2009,155.42
Tanzania,TZA,2010,145.56
Tanzania,TZA,2011,132.97
Tanzania,TZA,2012,121.45
Tanzania,TZA,2013,131.8
Tanzania,TZA,2014,146.36
Tanzania,TZA,2015,141.8
Tanzania,TZA,2016,134.05
Tanzania,TZA,2017,123.18
Tanzania,TZA,2018,111.48
Tanzania,TZA,2019,116.09
Tanzania,TZA,2020,123.35
Tanzania,TZA,2021,133.33
Tanzania,TZA,2022,132.39
Tanzania,TZA,2023,138.45
Tanzania,TZA,2024,136.73
Thailand,THA,2000,6.57
Thailand,THA,2001,5.26
Thailand,THA,2002,3.65
Thailand,THA,2003,3.03
Thailand,THA,2004,2.15
Thailand,THA,2005,2.38
Thailand,THA,2006,2.4
Thailand,THA,2007,2.61
Thailand,THA,2008,2.23
Thailand,THA,2009,2.28
Thailand,THA,2010,2.5
Thailand,THA,2011,1.9
Thailand,THA,2012,3.56
Thailand,THA,2013,3.14
Thailand,THA,2014,3.09
Thailand,THA,2015,1.31
Thailand,THA,2016,0.9
Thailand,THA,2017,0.55
Thailand,THA,2018,0.38
Thailand,THA,2019,0.3
Thailand,THA,2020,0.23
Thailand,THA,2021,0.18
Thailand,THA,2022,0.46
Thailand,THA,2023,0.67
Thailand,THA,2024,0.58
Togo,TGO,2000,445.12
Togo,TGO,2001,441.75
Togo,TGO,2002,450.6
Togo,TGO,2003,466.21
Togo,TGO,2004,478.67
Togo,TGO,2005,481.51
Togo,TGO,2006,474.94
Togo,TGO,2007,447.26
Togo,TGO,2008,396.33
Togo,TGO,2009,343.15
Togo,TGO,2010,318.53
Togo,TGO,2011,310.57
Togo,TGO,2012,336.21
Togo,TGO,2013,369.59
Togo,TGO,2014,368.98
Togo,TGO,2015,372.35
Togo,TGO,2016,368.57
Togo,TGO,2017,351.15
Togo,TGO,2018,322.45
Togo,TGO,2019,289.98
Togo,TGO,2020,283.92
Togo,TGO,2021,279.51
Togo,TGO,2022,278.59
Togo,TGO,2023,264.8
Togo,TGO,2024,249.25
Turkey,TUR,2000,2.69
Turkey,TUR,2001,2.51
Turkey,TUR,2002,2.35
Turkey,TUR,2003,2.09
Turkey,TUR,2004,1.19
Turkey,TUR,2005,0.46
Turkey,TUR,2006,0.17
Turkey,TUR,2007,0.07
Turkey,TUR,2008,0.04
Turkey,TUR,2009,0.01
Turkey,TUR,2010,0
Turkey,TUR,2011,0
Turkey,TUR,2012,0
Turkey,TUR,2013,0
Turkey,TUR,2014,0
Turkey,TUR,2015,0
Turkey,TUR,2016,0
Turkey,TUR,2017,0
Turkey,TUR,2018,0
Turkey,TUR,2019,0
Turkey,TUR,2020,0
Turkmenistan,TKM,2000,0.08
Turkmenistan,TKM,2001,0.03
Turkmenistan,TKM,2002,0.06
Turkmenistan,TKM,2003,0.02
Turkmenistan,TKM,2004,0.01
Turkmenistan,TKM,2005,0
Turkmenistan,TKM,2006,0
Turkmenistan,TKM,2007,0
Turkmenistan,TKM,2008,0
Turkmenistan,TKM,2009,0
Turkmenistan,TKM,2010,0
Turkmenistan,TKM,2011,0
Turkmenistan,TKM,2012,0
Turkmenistan,TKM,2013,0
Turkmenistan,TKM,2014,0
Turkmenistan,TKM,2015,0
Turkmenistan,TKM,2016,0
Turkmenistan,TKM,2017,0
Turkmenistan,TKM,2018,0
Turkmenistan,TKM,2019,0
Turkmenistan,TKM,2020,0
Turkmenistan,TKM,2024,0
Uganda,UGA,2000,482.77
Uganda,UGA,2001,508.43
Uganda,UGA,2002,501.62
Uganda,UGA,2003,479.36
Uganda,UGA,2004,442.78
Uganda,UGA,2005,426.27
Uganda,UGA,2006,425.62
Uganda,UGA,2007,417.91
Uganda,UGA,2008,417.7
Uganda,UGA,2009,422.8
Uganda,UGA,2010,405.97
Uganda,UGA,2011,382.9
Uganda,UGA,2012,349.79
Uganda,UGA,2013,310.27
Uganda,UGA,2014,292.11
Uganda,UGA,2015,288.7
Uganda,UGA,2016,281.02
Uganda,UGA,2017,276.51
Uganda,UGA,2018,269.21
Uganda,UGA,2019,250.82
Uganda,UGA,2020,255.66
Uganda,UGA,2021,268.61
Uganda,UGA,2022,266.58
Uganda,UGA,2023,267.57
Uganda,UGA,2024,264.23
United Arab Emirates,ARE,2012,0
United Arab Emirates,ARE,2013,0
United Arab Emirates,ARE,2014,0
United Arab Emirates,ARE,2015,0
United Arab Emirates,ARE,2016,0
United Arab Emirates,ARE,2017,0
United Arab Emirates,ARE,2018,0
United Arab Emirates,ARE,2019,0
United Arab Emirates,ARE,2020,0
United Arab Emirates,ARE,2021,0
United Arab Emirates,ARE,2022,0
United Arab Emirates,ARE,2023,0
United Arab Emirates,ARE,2024,0
Upper-middle-income countries,OWID_UMC,2000,3.861707
Upper-middle-income countries,OWID_UMC,2001,3.5868943
Upper-middle-income countries,OWID_UMC,2002,3.3939283
Upper-middle-income countries,OWID_UMC,2003,3.2649968
Upper-middle-income countries,OWID_UMC,2004,3.0055666
Upper-middle-income countries,OWID_UMC,2005,3.178243
Upper-middle-income countries,OWID_UMC,2006,3.2242486
Upper-middle-income countries,OWID_UMC,2007,2.9493861
Upper-middle-income countries,OWID_UMC,2008,2.620075
Upper-middle-income countries,OWID_UMC,2009,2.6221738
Upper-middle-income countries,OWID_UMC,2010,3.454543
Upper-middle-income countries,OWID_UMC,2011,3.0846467
Upper-middle-income countries,OWID_UMC,2012,3.0991514
Upper-middle-income countries,OWID_UMC,2013,2.7997441
Upper-middle-income countries,OWID_UMC,2014,2.3822098
Upper-middle-income countries,OWID_UMC,2015,2.2689686
Upper-middle-income countries,OWID_UMC,2016,2.272755
Upper-middle-income countries,OWID_UMC,2017,1.9792167
Upper-middle-income countries,OWID_UMC,2018,1.8555434
Upper-middle-income countries,OWID_UMC,2019,1.6908015
Upper-middle-income countries,OWID_UMC,2020,1.6960928
Upper-middle-income countries,OWID_UMC,2022,1.7024912
Upper-middle-income countries,OWID_UMC,2024,1.8584564
Uzbekistan,UZB,2000,5.08
Uzbekistan,UZB,2001,3.07
Uzbekistan,UZB,2002,2.91
Uzbekistan,UZB,2003,2.88
Uzbekistan,UZB,2004,2.54
Uzbekistan,UZB,2005,3.87
Uzbekistan,UZB,2006,2.73
Uzbekistan,UZB,2007,1.11
Uzbekistan,UZB,2008,0.25
Uzbekistan,UZB,2009,0
Uzbekistan,UZB,2010,0.11
Uzbekistan,UZB,2011,0
Uzbekistan,UZB,2012,0
Uzbekistan,UZB,2013,0
Uzbekistan,UZB,2014,0
Uzbekistan,UZB,2015,0
Uzbekistan,UZB,2016,0
Uzbekistan,UZB,2017,0
Uzbekistan,UZB,2018,0
Uzbekistan,UZB,2019,0
Uzbekistan,UZB,2020,0
Uzbekistan,UZB,2021,0
Uzbekistan,UZB,2023,0
Uzbekistan,UZB,2024,0
Vanuatu,VUT,2000,124.37
Vanuatu,VUT,2001,97.9
Vanuatu,VUT,2002,187.15
Vanuatu,VUT,2003,212.64
Vanuatu,VUT,2004,148.56
Vanuatu,VUT,2005,121.58
Vanuatu,VUT,2006,106.26
Vanuatu,VUT,2007,123.43
Vanuatu,VUT,2008,117.99
Vanuatu,VUT,2009,63.97
Vanuatu,VUT,2010,88.03
Vanuatu,VUT,2011,47.77
Vanuatu,VUT,2012,34.38
Vanuatu,VUT,2013,21.77
Vanuatu,VUT,2014,9.91
Vanuatu,VUT,2015,3.3
Vanuatu,VUT,2016,17.06
Vanuatu,VUT,2017,9.28
Vanuatu,VUT,2018,4.79
Vanuatu,VUT,2019,4.32
Vanuatu,VUT,2020,3.78
Vanuatu,VUT,2021,2.41
Vanuatu,VUT,2022,8.62
Vanuatu,VUT,2023,17.94
Vanuatu,VUT,2024,12.25
Venezuela,VEN,2000,2.9
Venezuela,VEN,2001,1.91
Venezuela,VEN,2002,2.75
Venezuela,VEN,2003,2.9
Venezuela,VEN,2004,4.17
Venezuela,VEN,2005,3.96
Venezuela,VEN,2006,3.21
Venezuela,VEN,2007,3.53
Venezuela,VEN,2008,2.67
Venezuela,VEN,2009,2.95
Venezuela,VEN,2010,4.02
Venezuela,VEN,2011,3.67
Venezuela,VEN,2012,4.19
Venezuela,VEN,2013,6.16
Venezuela,VEN,2014,7.02
Venezuela,VEN,2015,10.44
Venezuela,VEN,2016,18.32
Venezuela,VEN,2017,31.56
Venezuela,VEN,2018,31.86
Venezuela,VEN,2019,32.26
Venezuela,VEN,2020,15.68
Venezuela,VEN,2021,14.48
Venezuela,VEN,2022,10.92
Venezuela,VEN,2023,9.53
Venezuela,VEN,2024,7.79
Vietnam,VNM,2000,3.54
Vietnam,VNM,2001,3.22
Vietnam,VNM,2002,2.26
Vietnam,VNM,2003,1.65
Vietnam,VNM,2004,0.96
Vietnam,VNM,2005,0.68
Vietnam,VNM,2006,0.72
Vietnam,VNM,2007,0.45
Vietnam,VNM,2008,0.29
Vietnam,VNM,2009,0.36
Vietnam,VNM,2010,0.36
Vietnam,VNM,2011,0.31
Vietnam,VNM,2012,0.36
Vietnam,VNM,2013,0.31
Vietnam,VNM,2014,0.28
Vietnam,VNM,2015,0.16
Vietnam,VNM,2016,0.07
Vietnam,VNM,2017,0.08
Vietnam,VNM,2018,0.05
Vietnam,VNM,2019,0.05
Vietnam,VNM,2020,0.02
Vietnam,VNM,2021,0.01
Vietnam,VNM,2022,0.01
Vietnam,VNM,2023,0.01
Vietnam,VNM,2024,0
World,OWID_WRL,2000,79.88131
World,OWID_WRL,2001,80.71186
World,OWID_WRL,2002,78.52437
World,OWID_WRL,2003,78.67516
World,OWID_WRL,2004,78.00493
World,OWID_WRL,2005,76.55932
World,OWID_WRL,2006,73.42986
World,OWID_WRL,2007,70.66795
World,OWID_WRL,2008,68.88861
World,OWID_WRL,2009,69.19323
World,OWID_WRL,2010,68.18565
World,OWID_WRL,2011,65.20355
World,OWID_WRL,2012,62.74741
World,OWID_WRL,2013,60.368374
World,OWID_WRL,2014,58.687035
World,OWID_WRL,2015,59.011246
World,OWID_WRL,2016,58.695007
World,OWID_WRL,2017,59.731544
World,OWID_WRL,2018,58.46906
World,OWID_WRL,2019,57.98978
World,OWID_WRL,2020,60.262333
World,OWID_WRL,2022,60.728176
World,OWID_WRL,2024,64.041084
Yemen,YEM,2000,83.3
Yemen,YEM,2001,90.34
Yemen,YEM,2002,97.49
Yemen,YEM,2003,86.06
Yemen,YEM,2004,67.24
Yemen,YEM,2005,68.36
Yemen,YEM,2006,79.31
Yemen,YEM,2007,54.46
Yemen,YEM,2008,33.4
Yemen,YEM,2009,42.07
Yemen,YEM,2010,65.73
Yemen,YEM,2011,44.65
Yemen,YEM,2012,47.04
Yemen,YEM,2013,37.12
Yemen,YEM,2014,30.42
Yemen,YEM,2015,26.02
Yemen,YEM,2016,32.76
Yemen,YEM,2017,36.22
Yemen,YEM,2018,41.35
Yemen,YEM,2019,38.66
Yemen,YEM,2020,36.48
Yemen,YEM,2021,44.26
Yemen,YEM,2022,39.04
Yemen,YEM,2023,38.86
Yemen,YEM,2024,52.17
Zambia,ZMB,2000,360.33
Zambia,ZMB,2001,379.23
Zambia,ZMB,2002,369.96
Zambia,ZMB,2003,348.03
Zambia,ZMB,2004,300.89
Zambia,ZMB,2005,262.52
Zambia,ZMB,2006,225.93
Zambia,ZMB,2007,194.66
Zambia,ZMB,2008,171.62
Zambia,ZMB,2009,166.78
Zambia,ZMB,2010,169.92
Zambia,ZMB,2011,181.12
Zambia,ZMB,2012,206.15
Zambia,ZMB,2013,228.03
Zambia,ZMB,2014,237.47
Zambia,ZMB,2015,237.78
Zambia,ZMB,2016,229.08
Zambia,ZMB,2017,220.1
Zambia,ZMB,2018,222
Zambia,ZMB,2019,223.85
Zambia,ZMB,2020,234.25
Zambia,ZMB,2021,240.98
Zambia,ZMB,2022,246.1
Zambia,ZMB,2023,252.08
Zambia,ZMB,2024,252.41
Zimbabwe,ZWE,2000,102.59
Zimbabwe,ZWE,2001,102.59
Zimbabwe,ZWE,2002,102.59
Zimbabwe,ZWE,2003,102.59
Zimbabwe,ZWE,2004,102.59
Zimbabwe,ZWE,2005,102.59
Zimbabwe,ZWE,2006,102.59
Zimbabwe,ZWE,2007,167.62
Zimbabwe,ZWE,2008,67.51
Zimbabwe,ZWE,2009,73.82
Zimbabwe,ZWE,2010,104.38
Zimbabwe,ZWE,2011,67.45
Zimbabwe,ZWE,2012,54.46
Zimbabwe,ZWE,2013,78.27
Zimbabwe,ZWE,2014,97.71
Zimbabwe,ZWE,2015,94.12
Zimbabwe,ZWE,2016,66.16
Zimbabwe,ZWE,2017,114.7
Zimbabwe,ZWE,2018,53.61
Zimbabwe,ZWE,2019,65.09
Zimbabwe,ZWE,2020,94.3
Zimbabwe,ZWE,2021,27.54
Zimbabwe,ZWE,2022,28.9
Zimbabwe,ZWE,2023,49.4
Zimbabwe,ZWE,2024,11.36